Name,logn,logq,points,RealRes,result,error,tinit,tcsv,tenc,tdist,tdec

Genomics/vec/schizophrenia/HG01879vec.txt,12,96,361,0.365939,0.365933,-0.001498,60.396416,1.474784,6.750030,23.509329,2.627825
Genomics/vec/breast_cancer/HG01879vec.txt,12,96,131,0.297170,0.297169,-0.000221,60.089727,1.253265,5.642618,22.412359,3.060028
Genomics/vec/bipolar_disorder/HG01879vec.txt,12,96,150,0.299011,0.299007,-0.001398,57.079711,0.615695,4.042110,24.169600,2.759291
Genomics/vec/Type_2_diabetes/HG01879vec.txt,12,96,122,0.507819,0.507822,0.000702,52.144119,0.498111,3.237883,16.636826,2.062626
Genomics/vec/Alzheimer/HG01879vec.txt,12,96,100,0.188597,0.188581,-0.008843,42.832053,0.125039,5.118136,19.037894,2.124985
Genomics/vec/schizophrenia/HG01880vec.txt,12,96,361,0.341331,0.341339,0.002248,52.832716,0.560091,3.035250,21.357452,2.011722
Genomics/vec/breast_cancer/HG01880vec.txt,12,96,131,0.309480,0.309495,0.004869,44.642843,1.096853,4.506004,20.138115,2.340757
Genomics/vec/bipolar_disorder/HG01880vec.txt,12,96,150,0.301615,0.301623,0.002566,64.556580,0.248497,4.653103,27.045053,2.789729
Genomics/vec/Type_2_diabetes/HG01880vec.txt,12,96,122,0.455687,0.455672,-0.003426,65.487458,1.152499,4.996655,34.305199,4.699385
Genomics/vec/Alzheimer/HG01880vec.txt,12,96,100,0.192072,0.192077,0.002567,62.149700,0.396761,6.782156,27.251956,2.242798
Genomics/vec/schizophrenia/HG01882vec.txt,12,96,361,0.336459,0.336452,-0.002082,60.025597,2.625689,6.224628,19.584044,2.396876
Genomics/vec/breast_cancer/HG01882vec.txt,12,96,131,0.294099,0.294078,-0.007317,44.944050,1.015017,3.979605,17.662235,2.074884
Genomics/vec/bipolar_disorder/HG01882vec.txt,12,96,150,0.360543,0.360533,-0.002815,55.271772,0.385347,4.228578,27.843998,4.164224
Genomics/vec/Type_2_diabetes/HG01882vec.txt,12,96,122,0.559220,0.559211,-0.001687,61.484287,0.200882,4.383231,24.923519,2.547818
Genomics/vec/Alzheimer/HG01882vec.txt,12,96,100,0.214246,0.214247,0.000257,46.162196,1.414038,3.707480,20.166391,2.097473
Genomics/vec/schizophrenia/HG01883vec.txt,12,96,361,0.335397,0.335399,0.000682,44.612770,0.535124,3.046947,16.407500,2.321463
Genomics/vec/breast_cancer/HG01883vec.txt,12,96,131,0.313286,0.313293,0.002149,42.736677,0.122768,3.854805,16.347026,1.982355
Genomics/vec/bipolar_disorder/HG01883vec.txt,12,96,150,0.365523,0.365530,0.001753,44.662926,0.138081,3.085319,16.701794,2.547680
Genomics/vec/Type_2_diabetes/HG01883vec.txt,12,96,122,0.521455,0.521430,-0.004671,56.109022,1.122088,5.249204,25.000574,2.439299
Genomics/vec/Alzheimer/HG01883vec.txt,12,96,100,0.259109,0.259126,0.006629,64.830693,1.331523,6.250632,28.915893,3.527129
Genomics/vec/schizophrenia/HG01885vec.txt,12,96,361,0.342541,0.342534,-0.001835,65.352785,0.658336,7.095996,33.494708,3.876871
Genomics/vec/breast_cancer/HG01885vec.txt,12,96,131,0.336482,0.336480,-0.000742,60.814967,1.141902,6.486857,25.328975,2.079237
Genomics/vec/bipolar_disorder/HG01885vec.txt,12,96,150,0.335287,0.335283,-0.001275,45.905398,0.829309,3.468373,17.406183,2.027933
Genomics/vec/Type_2_diabetes/HG01885vec.txt,12,96,122,0.547073,0.547060,-0.002321,53.951130,1.435056,4.942556,23.334251,3.450336
Genomics/vec/Alzheimer/HG01885vec.txt,12,96,100,0.282556,0.282546,-0.003675,62.016470,1.225617,5.034759,27.752850,2.903741
Genomics/vec/schizophrenia/HG01886vec.txt,12,96,361,0.348746,0.348753,0.002145,61.847352,1.319448,3.680564,16.661930,2.006761
Genomics/vec/breast_cancer/HG01886vec.txt,12,96,131,0.352798,0.352785,-0.003605,46.428229,0.213449,3.127049,17.555382,2.024929
Genomics/vec/bipolar_disorder/HG01886vec.txt,12,96,150,0.340091,0.340085,-0.001696,45.151413,1.889802,4.205825,17.089942,2.501588
Genomics/vec/Type_2_diabetes/HG01886vec.txt,12,96,122,0.497549,0.497548,-0.000160,43.069245,0.384318,3.170659,18.109088,2.228469
Genomics/vec/Alzheimer/HG01886vec.txt,12,96,100,0.272691,0.272689,-0.000864,52.202481,0.320840,4.561701,23.753503,2.681582
Genomics/vec/schizophrenia/HG01889vec.txt,12,96,361,0.371636,0.371628,-0.002287,66.015237,1.367655,7.652728,27.496340,2.740518
Genomics/vec/breast_cancer/HG01889vec.txt,12,96,131,0.313973,0.313976,0.001057,65.963882,1.250923,5.726924,23.508619,3.704871
Genomics/vec/bipolar_disorder/HG01889vec.txt,12,96,150,0.399352,0.399355,0.000830,61.024270,0.368491,4.991387,32.751729,4.113839
Genomics/vec/Type_2_diabetes/HG01889vec.txt,12,96,122,0.588708,0.588684,-0.004180,59.498337,1.272881,6.113744,25.029832,2.284082
Genomics/vec/Alzheimer/HG01889vec.txt,12,96,100,0.251966,0.251962,-0.001769,58.138775,1.017869,3.916394,16.452216,1.851882
Genomics/vec/schizophrenia/HG01890vec.txt,12,96,361,0.301897,0.301890,-0.001997,55.060970,0.281258,3.033255,16.516161,1.934515
Genomics/vec/breast_cancer/HG01890vec.txt,12,96,131,0.304492,0.304496,0.001422,46.064184,0.153293,3.220201,23.170313,1.820292
Genomics/vec/bipolar_disorder/HG01890vec.txt,12,96,150,0.349867,0.349868,0.000117,42.285595,0.364241,6.131792,21.610401,1.724231
Genomics/vec/Type_2_diabetes/HG01890vec.txt,12,96,122,0.439561,0.439561,0.000076,63.325032,0.475909,7.751154,34.086697,3.167970
Genomics/vec/Alzheimer/HG01890vec.txt,12,96,100,0.295913,0.295919,0.002117,65.198704,0.318261,4.470065,24.403633,3.874712
Genomics/vec/schizophrenia/HG01894vec.txt,12,96,361,0.368601,0.368607,0.001524,63.239028,1.596053,5.146966,26.510033,2.426768
Genomics/vec/breast_cancer/HG01894vec.txt,12,96,131,0.340587,0.340590,0.000971,59.635403,1.154102,6.413272,25.561217,3.058737
Genomics/vec/bipolar_disorder/HG01894vec.txt,12,96,150,0.369526,0.369513,-0.003364,61.435289,1.301520,4.937079,25.888149,3.493733
Genomics/vec/Type_2_diabetes/HG01894vec.txt,12,96,122,0.464514,0.464513,-0.000405,55.053181,0.242552,3.577445,18.491193,2.848053
Genomics/vec/Alzheimer/HG01894vec.txt,12,96,100,0.173893,0.173911,0.010612,48.367858,1.162759,4.097773,17.689992,2.267679
Genomics/vec/schizophrenia/HG01896vec.txt,12,96,361,0.338838,0.338839,0.000164,62.318502,1.248211,4.715941,24.725744,2.675545
Genomics/vec/breast_cancer/HG01896vec.txt,12,96,131,0.278772,0.278771,-0.000167,60.891612,1.151781,5.199738,24.978749,2.890186
Genomics/vec/bipolar_disorder/HG01896vec.txt,12,96,150,0.320351,0.320341,-0.003144,66.840233,1.243376,4.946911,33.918821,3.892935
Genomics/vec/Type_2_diabetes/HG01896vec.txt,12,96,122,0.545034,0.545026,-0.001492,78.383891,1.508565,6.968535,33.583798,2.537957
Genomics/vec/Alzheimer/HG01896vec.txt,12,96,100,0.257466,0.257496,0.011859,61.421533,1.127009,9.547153,26.407383,2.002378
Genomics/vec/schizophrenia/HG01912vec.txt,12,96,361,0.371755,0.371761,0.001534,70.783260,0.449404,4.889567,28.125871,3.628372
Genomics/vec/breast_cancer/HG01912vec.txt,12,96,131,0.403676,0.403680,0.000944,62.772413,0.444375,5.190153,24.604162,2.156245
Genomics/vec/bipolar_disorder/HG01912vec.txt,12,96,150,0.309797,0.309796,-0.000245,47.779190,0.174111,3.151578,19.212068,1.711857
Genomics/vec/Type_2_diabetes/HG01912vec.txt,12,96,122,0.545622,0.545615,-0.001400,44.296205,0.384352,6.310692,16.579650,2.177042
Genomics/vec/Alzheimer/HG01912vec.txt,12,96,100,0.228049,0.228051,0.000848,63.925172,0.831508,3.595902,25.894429,2.563710
Genomics/vec/schizophrenia/HG01914vec.txt,12,96,361,0.314686,0.314685,-0.000430,62.829464,0.680625,4.190778,23.577193,3.757663
Genomics/vec/breast_cancer/HG01914vec.txt,12,96,131,0.311667,0.311678,0.003481,62.688645,1.733950,4.827587,25.774532,4.509788
Genomics/vec/bipolar_disorder/HG01914vec.txt,12,96,150,0.298271,0.298283,0.004028,72.629309,0.196054,4.186599,24.654317,4.058821
Genomics/vec/Type_2_diabetes/HG01914vec.txt,12,96,122,0.536279,0.536262,-0.003250,62.287838,0.308558,4.364835,18.471553,2.228092
Genomics/vec/Alzheimer/HG01914vec.txt,12,96,100,0.186575,0.186573,-0.001036,48.245606,0.375950,3.416968,30.548327,2.486766
Genomics/vec/schizophrenia/HG01915vec.txt,12,96,361,0.337410,0.337414,0.001054,70.403457,0.816651,4.477864,23.430346,2.923001
Genomics/vec/breast_cancer/HG01915vec.txt,12,96,131,0.409555,0.409555,-0.000033,56.883016,0.788571,4.366187,21.169864,1.722988
Genomics/vec/bipolar_disorder/HG01915vec.txt,12,96,150,0.307046,0.307041,-0.001602,45.351792,0.203173,3.230275,17.557787,2.000312
Genomics/vec/Type_2_diabetes/HG01915vec.txt,12,96,122,0.574739,0.574730,-0.001567,42.381694,0.665000,3.584053,16.848482,1.854003
Genomics/vec/Alzheimer/HG01915vec.txt,12,96,100,0.274570,0.274570,0.000097,43.609694,0.479559,3.803181,15.904873,2.156872
Genomics/vec/schizophrenia/HG01956vec.txt,12,96,361,0.294768,0.294769,0.000384,43.385310,0.837852,3.351952,16.138160,2.019983
Genomics/vec/breast_cancer/HG01956vec.txt,12,96,131,0.298475,0.298473,-0.000893,58.750696,0.826115,4.190780,29.511670,3.495486
Genomics/vec/bipolar_disorder/HG01956vec.txt,12,96,150,0.292878,0.292861,-0.005743,63.124841,1.675401,4.290780,28.712893,2.915315
Genomics/vec/Type_2_diabetes/HG01956vec.txt,12,96,122,0.538172,0.538170,-0.000392,61.876316,0.300210,4.171217,23.614015,2.845126
Genomics/vec/Alzheimer/HG01956vec.txt,12,96,100,0.223001,0.222991,-0.004518,59.962776,0.347193,4.251406,36.427362,2.342333
Genomics/vec/schizophrenia/HG01958vec.txt,12,96,361,0.382279,0.382282,0.000710,61.625365,0.397929,5.326471,23.123950,2.751035
Genomics/vec/breast_cancer/HG01958vec.txt,12,96,131,0.302879,0.302877,-0.000679,62.388330,0.462464,4.196337,24.776141,3.370110
Genomics/vec/bipolar_disorder/HG01958vec.txt,12,96,150,0.304839,0.304857,0.005903,54.326966,0.509696,3.538616,22.560192,2.240745
Genomics/vec/Type_2_diabetes/HG01958vec.txt,12,96,122,0.448311,0.448305,-0.001401,55.047040,0.459013,3.101983,17.953919,2.078451
Genomics/vec/Alzheimer/HG01958vec.txt,12,96,100,0.268691,0.268671,-0.007413,53.610061,0.213756,4.195857,23.630853,2.134439
Genomics/vec/schizophrenia/HG01985vec.txt,12,96,361,0.315862,0.315861,-0.000292,53.885402,1.278468,4.232207,20.351764,3.034992
Genomics/vec/breast_cancer/HG01985vec.txt,12,96,131,0.297666,0.297655,-0.003537,52.376081,0.585028,3.261220,18.077040,2.222462
Genomics/vec/bipolar_disorder/HG01985vec.txt,12,96,150,0.303957,0.303959,0.000517,50.221128,0.473036,3.610166,17.953549,4.002124
Genomics/vec/Type_2_diabetes/HG01985vec.txt,12,96,122,0.571659,0.571644,-0.002609,56.120387,0.219506,3.931257,20.496926,2.621131
Genomics/vec/Alzheimer/HG01985vec.txt,12,96,100,0.205600,0.205612,0.005767,55.396419,0.382910,3.782999,18.935077,6.361907
Genomics/vec/schizophrenia/HG01986vec.txt,12,96,361,0.328605,0.328601,-0.001012,48.125205,0.767658,3.215707,17.202176,2.001218
Genomics/vec/breast_cancer/HG01986vec.txt,12,96,131,0.259464,0.259472,0.003151,47.448352,0.159118,3.420130,17.201095,1.868740
Genomics/vec/bipolar_disorder/HG01986vec.txt,12,96,150,0.315382,0.315373,-0.002944,44.791564,1.202564,3.642094,16.315525,2.415938
Genomics/vec/Type_2_diabetes/HG01986vec.txt,12,96,122,0.523635,0.523629,-0.001057,52.190252,1.170114,3.802935,16.910958,2.269236
Genomics/vec/Alzheimer/HG01986vec.txt,12,96,100,0.288363,0.288376,0.004396,63.508664,0.270126,5.136135,22.793621,5.511031
Genomics/vec/schizophrenia/HG01988vec.txt,12,96,361,0.336003,0.336003,0.000139,66.592380,0.687009,5.373414,22.661994,2.861777
Genomics/vec/breast_cancer/HG01988vec.txt,12,96,131,0.297459,0.297458,-0.000322,68.591901,0.546827,4.290285,26.659798,2.867067
Genomics/vec/bipolar_disorder/HG01988vec.txt,12,96,150,0.313194,0.313186,-0.002280,61.414860,1.292053,5.430535,24.413871,3.049640
Genomics/vec/Type_2_diabetes/HG01988vec.txt,12,96,122,0.455839,0.455825,-0.003056,60.028705,1.263167,4.699910,20.042741,2.074832
Genomics/vec/Alzheimer/HG01988vec.txt,12,96,100,0.159396,0.159389,-0.004810,59.238274,0.787012,3.517584,16.102884,1.942843
Genomics/vec/schizophrenia/HG01989vec.txt,12,96,361,0.321979,0.321983,0.001225,42.964812,1.088801,3.907483,16.295262,1.993744
Genomics/vec/breast_cancer/HG01989vec.txt,12,96,131,0.326978,0.326976,-0.000624,57.435817,0.221603,3.702065,24.316603,2.065067
Genomics/vec/bipolar_disorder/HG01989vec.txt,12,96,150,0.290404,0.290416,0.004028,46.936872,0.249521,3.184961,16.862892,2.010689
Genomics/vec/Type_2_diabetes/HG01989vec.txt,12,96,122,0.547189,0.547185,-0.000733,51.047663,1.180137,4.663189,23.988949,2.618231
Genomics/vec/Alzheimer/HG01989vec.txt,12,96,100,0.229940,0.229937,-0.001200,61.094579,0.986890,6.949228,26.375221,3.305304
Genomics/vec/schizophrenia/HG01990vec.txt,12,96,361,0.355506,0.355520,0.004047,88.505229,3.474586,5.736546,26.268165,3.084464
Genomics/vec/breast_cancer/HG01990vec.txt,12,96,131,0.268663,0.268655,-0.002875,63.884857,1.290346,5.328259,24.537206,2.773320
Genomics/vec/bipolar_disorder/HG01990vec.txt,12,96,150,0.336658,0.336663,0.001450,63.826223,1.617667,17.549101,27.101256,2.678478
Genomics/vec/Type_2_diabetes/HG01990vec.txt,12,96,122,0.509992,0.509989,-0.000455,56.243277,0.521661,3.963833,22.452332,3.801168
Genomics/vec/Alzheimer/HG01990vec.txt,12,96,100,0.253871,0.253847,-0.009110,44.735819,1.210998,4.180095,15.958972,2.370652
Genomics/vec/schizophrenia/HG02009vec.txt,12,96,361,0.329320,0.329328,0.002383,44.292387,0.480380,3.622325,17.224027,2.217469
Genomics/vec/breast_cancer/HG02009vec.txt,12,96,131,0.411949,0.411964,0.003569,64.533134,0.351564,4.481191,25.886333,3.633296
Genomics/vec/bipolar_disorder/HG02009vec.txt,12,96,150,0.323199,0.323207,0.002626,63.983089,1.348319,5.910794,26.171334,2.979461
Genomics/vec/Type_2_diabetes/HG02009vec.txt,12,96,122,0.506784,0.506789,0.000944,62.675432,1.154769,5.705866,23.414203,3.110392
Genomics/vec/Alzheimer/HG02009vec.txt,12,96,100,0.209044,0.209043,-0.000330,60.828718,1.030038,4.998719,26.626200,3.440159
Genomics/vec/schizophrenia/HG02010vec.txt,12,96,361,0.372094,0.372095,0.000352,63.343160,1.372532,4.658340,25.672599,2.761506
Genomics/vec/breast_cancer/HG02010vec.txt,12,96,131,0.299473,0.299482,0.003229,53.684967,1.521701,4.093609,18.027634,1.933661
Genomics/vec/bipolar_disorder/HG02010vec.txt,12,96,150,0.362899,0.362900,0.000477,44.987321,0.627675,3.992417,17.561478,2.159369
Genomics/vec/Type_2_diabetes/HG02010vec.txt,12,96,122,0.485450,0.485455,0.000952,44.603657,0.817745,5.598255,16.891834,1.914295
Genomics/vec/Alzheimer/HG02010vec.txt,12,96,100,0.266345,0.266354,0.003137,47.887642,0.875597,3.321613,21.541321,2.959519
Genomics/vec/schizophrenia/HG02012vec.txt,12,96,361,0.377345,0.377344,-0.000312,61.299153,1.535834,5.599239,24.429711,2.688749
Genomics/vec/breast_cancer/HG02012vec.txt,12,96,131,0.352267,0.352262,-0.001458,71.848907,1.167990,4.777550,27.583925,2.931136
Genomics/vec/bipolar_disorder/HG02012vec.txt,12,96,150,0.379000,0.379000,0.000070,64.863119,0.292616,6.041431,28.051820,3.995185
Genomics/vec/Type_2_diabetes/HG02012vec.txt,12,96,122,0.505540,0.505539,-0.000181,61.534649,1.127237,5.860262,38.826974,2.187976
Genomics/vec/Alzheimer/HG02012vec.txt,12,96,100,0.279784,0.279790,0.001967,50.983260,0.345248,4.240488,24.327147,2.857383
Genomics/vec/schizophrenia/HG02013vec.txt,12,96,361,0.349246,0.349241,-0.001364,63.314508,0.946931,4.371899,29.787397,3.991954
Genomics/vec/breast_cancer/HG02013vec.txt,12,96,131,0.312481,0.312475,-0.001841,62.010604,0.604524,3.799390,18.040527,2.016230
Genomics/vec/bipolar_disorder/HG02013vec.txt,12,96,150,0.347704,0.347706,0.000603,53.596857,0.810145,3.162718,20.315308,2.333162
Genomics/vec/Type_2_diabetes/HG02013vec.txt,12,96,122,0.513152,0.513160,0.001734,45.132337,0.385158,5.699621,17.420333,2.000327
Genomics/vec/Alzheimer/HG02013vec.txt,12,96,100,0.215552,0.215570,0.008528,44.827551,1.343223,4.497942,15.996924,2.173527
Genomics/vec/schizophrenia/HG02014vec.txt,12,96,361,0.322130,0.322132,0.000581,50.049883,1.303356,4.873851,23.866918,2.450092
Genomics/vec/breast_cancer/HG02014vec.txt,12,96,131,0.325279,0.325271,-0.002284,57.363819,1.029578,4.437784,23.036167,3.096031
Genomics/vec/bipolar_disorder/HG02014vec.txt,12,96,150,0.311952,0.311942,-0.003029,64.333016,5.449645,5.270467,27.650182,3.359371
Genomics/vec/Type_2_diabetes/HG02014vec.txt,12,96,122,0.540771,0.540774,0.000649,64.193662,0.553192,4.693569,25.751611,3.405323
Genomics/vec/Alzheimer/HG02014vec.txt,12,96,100,0.248874,0.248872,-0.000908,66.707285,0.225720,5.265150,25.324732,3.489015
Genomics/vec/schizophrenia/HG02051vec.txt,12,96,361,0.334914,0.334911,-0.000720,58.165631,0.381613,8.950730,21.339818,2.132025
Genomics/vec/breast_cancer/HG02051vec.txt,12,96,131,0.245687,0.245709,0.008756,56.180531,1.164479,4.383572,18.755465,2.094265
Genomics/vec/bipolar_disorder/HG02051vec.txt,12,96,150,0.307673,0.307677,0.001171,48.133430,0.750311,6.523090,17.301991,1.936078
Genomics/vec/Type_2_diabetes/HG02051vec.txt,12,96,122,0.535702,0.535691,-0.002044,44.519518,1.192657,3.998335,18.368387,1.852270
Genomics/vec/Alzheimer/HG02051vec.txt,12,96,100,0.232521,0.232528,0.002905,50.863359,0.158711,5.196109,25.262550,1.841105
Genomics/vec/schizophrenia/HG02052vec.txt,12,96,361,0.346092,0.346092,0.000148,51.799589,0.657900,4.905788,20.967246,2.251841
Genomics/vec/breast_cancer/HG02052vec.txt,12,96,131,0.324875,0.324881,0.001936,43.799156,1.131792,4.504521,17.905597,2.157981
Genomics/vec/bipolar_disorder/HG02052vec.txt,12,96,150,0.337943,0.337942,-0.000321,46.220522,0.694760,2.958523,18.211229,2.179227
Genomics/vec/Type_2_diabetes/HG02052vec.txt,12,96,122,0.520276,0.520283,0.001353,43.990663,0.189023,3.447535,21.981366,1.947983
Genomics/vec/Alzheimer/HG02052vec.txt,12,96,100,0.249137,0.249122,-0.005840,51.137504,0.176845,3.833299,24.179858,3.479961
Genomics/vec/schizophrenia/HG02053vec.txt,12,96,361,0.334016,0.334024,0.002550,60.336709,1.517036,4.856427,22.781557,3.157077
Genomics/vec/breast_cancer/HG02053vec.txt,12,96,131,0.264512,0.264520,0.002915,70.400919,0.380009,4.546747,26.710766,2.821299
Genomics/vec/bipolar_disorder/HG02053vec.txt,12,96,150,0.298586,0.298604,0.006115,70.166344,0.854817,4.371662,24.873569,3.606264
Genomics/vec/Type_2_diabetes/HG02053vec.txt,12,96,122,0.505517,0.505536,0.003713,68.363896,1.270694,4.418270,25.776549,3.258344
Genomics/vec/Alzheimer/HG02053vec.txt,12,96,100,0.218774,0.218771,-0.001334,71.884668,1.206825,4.877406,23.843536,2.769081
Genomics/vec/schizophrenia/HG02054vec.txt,12,96,361,0.330854,0.330852,-0.000467,56.175117,0.407197,3.372584,24.091352,2.155210
Genomics/vec/breast_cancer/HG02054vec.txt,12,96,131,0.326645,0.326639,-0.002002,42.427038,0.537130,4.479318,17.343474,2.503048
Genomics/vec/bipolar_disorder/HG02054vec.txt,12,96,150,0.299026,0.299013,-0.004500,54.483013,0.235503,4.864389,25.980537,2.994672
Genomics/vec/Type_2_diabetes/HG02054vec.txt,12,96,122,0.519509,0.519514,0.000987,64.709637,0.429780,5.942594,26.516200,3.969818
Genomics/vec/Alzheimer/HG02054vec.txt,12,96,100,0.222438,0.222452,0.006165,65.674052,0.202920,4.592182,25.700090,3.681272
Genomics/vec/schizophrenia/HG02095vec.txt,12,96,361,0.362685,0.362685,-0.000099,62.746371,1.373696,5.398168,24.677812,2.976352
Genomics/vec/breast_cancer/HG02095vec.txt,12,96,131,0.415798,0.415793,-0.001241,59.688218,1.213920,6.658625,24.218501,2.607843
Genomics/vec/bipolar_disorder/HG02095vec.txt,12,96,150,0.308362,0.308362,-0.000152,67.287012,0.261905,3.839270,18.783953,2.424528
Genomics/vec/Type_2_diabetes/HG02095vec.txt,12,96,122,0.569947,0.569941,-0.001095,61.535041,0.264132,2.973774,18.118435,2.441007
Genomics/vec/Alzheimer/HG02095vec.txt,12,96,100,0.257600,0.257631,0.012343,53.530648,1.409950,3.834785,18.655268,1.844430
Genomics/vec/schizophrenia/HG02107vec.txt,12,96,361,0.323096,0.323099,0.000930,57.036621,0.277072,3.157866,20.384650,2.634488
Genomics/vec/breast_cancer/HG02107vec.txt,12,96,131,0.308020,0.308027,0.002419,45.824715,0.818408,4.956255,19.250167,2.883871
Genomics/vec/bipolar_disorder/HG02107vec.txt,12,96,150,0.326556,0.326577,0.006418,69.204854,0.370698,7.267958,25.814318,2.797317
Genomics/vec/Type_2_diabetes/HG02107vec.txt,12,96,122,0.512743,0.512742,-0.000305,62.065671,1.146492,5.212996,25.679833,2.726899
Genomics/vec/Alzheimer/HG02107vec.txt,12,96,100,0.191653,0.191655,0.001309,75.150661,1.480497,5.189329,26.241054,3.405171
Genomics/vec/schizophrenia/HG02108vec.txt,12,96,361,0.315278,0.315281,0.000847,67.255058,0.634749,5.093776,25.654282,3.352041
Genomics/vec/breast_cancer/HG02108vec.txt,12,96,131,0.344341,0.344344,0.000819,60.041902,0.444496,4.148276,23.613286,2.670836
Genomics/vec/bipolar_disorder/HG02108vec.txt,12,96,150,0.322818,0.322807,-0.003338,57.426270,0.280850,4.105667,21.927643,2.706231
Genomics/vec/Type_2_diabetes/HG02108vec.txt,12,96,122,0.546674,0.546654,-0.003696,44.133217,1.318562,4.254575,16.307295,1.997131
Genomics/vec/Alzheimer/HG02108vec.txt,12,96,100,0.146826,0.146840,0.009630,42.929558,0.945575,3.715500,21.858645,2.173219
Genomics/vec/schizophrenia/HG02111vec.txt,12,96,361,0.326868,0.326867,-0.000511,58.457992,1.467036,4.771474,22.672462,2.604429
Genomics/vec/breast_cancer/HG02111vec.txt,12,96,131,0.267174,0.267174,0.000030,70.006959,0.493732,6.394513,25.208618,3.747406
Genomics/vec/bipolar_disorder/HG02111vec.txt,12,96,150,0.330575,0.330575,-0.000044,63.739409,0.497465,5.083330,27.314120,8.965281
Genomics/vec/Type_2_diabetes/HG02111vec.txt,12,96,122,0.495302,0.495299,-0.000563,64.584762,0.247506,4.805342,29.159500,2.360782
Genomics/vec/Alzheimer/HG02111vec.txt,12,96,100,0.215748,0.215762,0.006240,58.869132,0.483825,4.700864,32.438747,3.271597
Genomics/vec/schizophrenia/HG02143vec.txt,12,96,361,0.384824,0.384828,0.001085,43.946936,0.773991,4.668266,17.224640,2.466347
Genomics/vec/breast_cancer/HG02143vec.txt,12,96,131,0.288106,0.288122,0.005552,43.267023,1.076443,3.950735,18.327187,1.802620
Genomics/vec/bipolar_disorder/HG02143vec.txt,12,96,150,0.321566,0.321568,0.000551,56.822998,0.133408,3.014543,22.107684,2.144232
Genomics/vec/Type_2_diabetes/HG02143vec.txt,12,96,122,0.429497,0.429497,-0.000045,57.747647,1.217917,5.802393,23.346960,2.328716
Genomics/vec/Alzheimer/HG02143vec.txt,12,96,100,0.249963,0.249947,-0.006731,64.123685,1.078872,4.829863,24.538215,2.467629
Genomics/vec/schizophrenia/HG02144vec.txt,12,96,361,0.299614,0.299611,-0.000836,62.172040,1.185429,4.761720,22.338119,2.946267
Genomics/vec/breast_cancer/HG02144vec.txt,12,96,131,0.387042,0.387033,-0.002437,61.228854,0.357976,4.549699,24.656115,2.754791
Genomics/vec/bipolar_disorder/HG02144vec.txt,12,96,150,0.308822,0.308833,0.003485,57.668577,1.383668,5.690719,19.246043,1.955184
Genomics/vec/Type_2_diabetes/HG02144vec.txt,12,96,122,0.481397,0.481386,-0.002446,46.470187,1.130720,3.798289,17.399127,4.160186
Genomics/vec/Alzheimer/HG02144vec.txt,12,96,100,0.261018,0.261016,-0.000734,67.021386,1.191729,7.455886,26.018414,4.859838
Genomics/vec/schizophrenia/HG02255vec.txt,12,96,361,0.401382,0.401378,-0.000998,62.656303,1.576366,6.118610,20.507233,2.320212
Genomics/vec/breast_cancer/HG02255vec.txt,12,96,131,0.399007,0.399011,0.000985,50.203352,1.170997,4.046866,18.762597,2.201399
Genomics/vec/bipolar_disorder/HG02255vec.txt,12,96,150,0.333160,0.333154,-0.001950,44.432967,1.199663,3.615485,15.732042,1.992134
Genomics/vec/Type_2_diabetes/HG02255vec.txt,12,96,122,0.519084,0.519069,-0.002949,43.301496,1.042601,3.680008,16.409582,2.223136
Genomics/vec/Alzheimer/HG02255vec.txt,12,96,100,0.170263,0.170298,0.020980,44.394435,0.237002,3.107917,33.730211,3.159467
Genomics/vec/schizophrenia/HG02256vec.txt,12,96,361,0.355606,0.355601,-0.001301,70.008289,1.609985,5.348262,26.937986,3.595853
Genomics/vec/breast_cancer/HG02256vec.txt,12,96,131,0.296863,0.296867,0.001334,60.729309,1.137622,5.006193,23.035675,2.844729
Genomics/vec/bipolar_disorder/HG02256vec.txt,12,96,150,0.304135,0.304139,0.001168,69.471645,0.309341,4.233207,24.903586,2.986554
Genomics/vec/Type_2_diabetes/HG02256vec.txt,12,96,122,0.451783,0.451790,0.001601,62.025150,1.353977,7.036777,26.082037,3.571029
Genomics/vec/Alzheimer/HG02256vec.txt,12,96,100,0.281049,0.281044,-0.001801,60.483285,1.202397,4.779784,25.017082,2.314565
Genomics/vec/schizophrenia/HG02281vec.txt,12,96,361,0.285443,0.285442,-0.000349,41.829913,1.108454,3.551617,15.799564,1.991361
Genomics/vec/breast_cancer/HG02281vec.txt,12,96,131,0.271183,0.271189,0.002185,46.324938,0.186748,3.521767,18.614461,2.119446
Genomics/vec/bipolar_disorder/HG02281vec.txt,12,96,150,0.292166,0.292162,-0.001251,46.841555,0.318966,3.233710,18.219272,2.134593
Genomics/vec/Type_2_diabetes/HG02281vec.txt,12,96,122,0.535479,0.535475,-0.000754,50.398605,0.228612,3.732598,16.840337,2.191205
Genomics/vec/Alzheimer/HG02281vec.txt,12,96,100,0.192725,0.192709,-0.008127,69.823843,1.072986,5.443205,32.542882,3.091413
Genomics/vec/schizophrenia/HG02282vec.txt,12,96,361,0.276759,0.276752,-0.002632,61.522675,0.454313,5.250819,22.207332,2.791052
Genomics/vec/breast_cancer/HG02282vec.txt,12,96,131,0.282948,0.282951,0.001030,58.648004,0.227732,5.304324,23.209303,2.736473
Genomics/vec/bipolar_disorder/HG02282vec.txt,12,96,150,0.305508,0.305499,-0.003117,60.398220,0.245540,4.437534,22.394251,2.947419
Genomics/vec/Type_2_diabetes/HG02282vec.txt,12,96,122,0.473359,0.473357,-0.000424,65.452050,0.259751,3.794770,25.591098,3.453732
Genomics/vec/Alzheimer/HG02282vec.txt,12,96,100,0.162305,0.162302,-0.001880,65.131896,0.141452,4.131910,17.083932,2.041028
Genomics/vec/schizophrenia/HG02283vec.txt,12,96,361,0.345710,0.345710,0.000090,51.330881,0.337887,4.304894,27.114406,2.491198
Genomics/vec/breast_cancer/HG02283vec.txt,12,96,131,0.281877,0.281877,-0.000056,55.114744,0.331136,3.588718,23.673773,2.856877
Genomics/vec/bipolar_disorder/HG02283vec.txt,12,96,150,0.366094,0.366095,0.000443,62.549023,1.367538,5.195888,23.214017,2.761543
Genomics/vec/Type_2_diabetes/HG02283vec.txt,12,96,122,0.495983,0.495986,0.000614,56.404010,0.196449,4.869142,25.782143,3.162919
Genomics/vec/Alzheimer/HG02283vec.txt,12,96,100,0.223669,0.223671,0.001204,64.667636,0.192572,5.498018,24.160840,3.784680
Genomics/vec/schizophrenia/HG02284vec.txt,12,96,361,0.275987,0.275999,0.004424,61.768931,1.200222,5.353213,22.031929,2.881642
Genomics/vec/breast_cancer/HG02284vec.txt,12,96,131,0.279136,0.279143,0.002528,64.612866,0.239692,5.136668,26.264534,2.798590
Genomics/vec/bipolar_disorder/HG02284vec.txt,12,96,150,0.313496,0.313480,-0.005064,68.700682,0.890769,3.834259,17.567377,2.284809
Genomics/vec/Type_2_diabetes/HG02284vec.txt,12,96,122,0.433986,0.433972,-0.003238,44.392937,1.149356,3.688094,17.581377,1.919025
Genomics/vec/Alzheimer/HG02284vec.txt,12,96,100,0.282325,0.282339,0.005123,43.822718,1.277574,3.933103,16.274339,2.024704
Genomics/vec/schizophrenia/HG02307vec.txt,12,96,361,0.335019,0.335025,0.001701,45.584925,0.410667,4.073731,18.873403,3.133030
Genomics/vec/breast_cancer/HG02307vec.txt,12,96,131,0.299935,0.299939,0.001269,44.601605,1.434078,5.092861,20.721008,2.141997
Genomics/vec/bipolar_disorder/HG02307vec.txt,12,96,150,0.315811,0.315812,0.000178,60.074896,0.185920,4.189569,28.909047,3.251342
Genomics/vec/Type_2_diabetes/HG02307vec.txt,12,96,122,0.504959,0.504954,-0.000898,64.734957,1.237600,4.997781,30.484611,2.964214
Genomics/vec/Alzheimer/HG02307vec.txt,12,96,100,0.167480,0.167488,0.004590,62.015065,1.381255,5.030662,25.129063,2.983033
Genomics/vec/schizophrenia/HG02308vec.txt,12,96,361,0.337269,0.337263,-0.001795,62.146542,2.783370,8.675139,23.767179,3.304631
Genomics/vec/breast_cancer/HG02308vec.txt,12,96,131,0.307925,0.307926,0.000505,60.200175,1.457788,5.076518,25.381152,2.983717
Genomics/vec/bipolar_disorder/HG02308vec.txt,12,96,150,0.391480,0.391460,-0.005004,48.401669,0.881690,4.289019,17.298172,1.889166
Genomics/vec/Type_2_diabetes/HG02308vec.txt,12,96,122,0.584602,0.584611,0.001440,43.733691,0.481180,9.928316,20.701337,1.873465
Genomics/vec/Alzheimer/HG02308vec.txt,12,96,100,0.188215,0.188203,-0.006671,47.159694,0.493818,4.031564,23.196836,3.282203
Genomics/vec/schizophrenia/HG02309vec.txt,12,96,361,0.359096,0.359092,-0.001166,67.933695,0.549925,4.197481,24.668128,2.646520
Genomics/vec/breast_cancer/HG02309vec.txt,12,96,131,0.335202,0.335197,-0.001506,61.943150,0.682210,5.741482,27.823405,3.055010
Genomics/vec/bipolar_disorder/HG02309vec.txt,12,96,150,0.274353,0.274364,0.004369,65.811917,0.657660,4.375185,25.546756,3.653356
Genomics/vec/Type_2_diabetes/HG02309vec.txt,12,96,122,0.515807,0.515801,-0.001287,65.504776,0.657409,4.280393,27.879654,4.153365
Genomics/vec/Alzheimer/HG02309vec.txt,12,96,100,0.222655,0.222658,0.001210,64.796067,1.188651,5.066952,29.076595,4.123467
Genomics/vec/schizophrenia/HG02314vec.txt,12,96,361,0.386126,0.386126,-0.000007,52.299509,0.542266,4.590139,15.882685,1.909740
Genomics/vec/breast_cancer/HG02314vec.txt,12,96,131,0.315872,0.315858,-0.004274,45.062219,0.583358,3.448884,16.289067,1.901972
Genomics/vec/bipolar_disorder/HG02314vec.txt,12,96,150,0.336568,0.336564,-0.001164,48.685431,0.459659,3.490303,19.226571,2.198782
Genomics/vec/Type_2_diabetes/HG02314vec.txt,12,96,122,0.593888,0.593870,-0.002975,56.074594,0.419569,4.374425,22.637768,3.085274
Genomics/vec/Alzheimer/HG02314vec.txt,12,96,100,0.240488,0.240475,-0.005087,58.648421,0.184604,4.242563,23.671018,4.269154
Genomics/vec/schizophrenia/HG02315vec.txt,12,96,361,0.292964,0.292967,0.001035,64.668767,2.729047,7.442553,28.062362,2.658427
Genomics/vec/breast_cancer/HG02315vec.txt,12,96,131,0.338314,0.338317,0.000780,66.299980,1.041039,5.463646,17.756055,2.027283
Genomics/vec/bipolar_disorder/HG02315vec.txt,12,96,150,0.317305,0.317276,-0.008892,45.614247,1.266467,4.204689,18.750095,2.487310
Genomics/vec/Type_2_diabetes/HG02315vec.txt,12,96,122,0.500892,0.500891,-0.000074,65.799541,0.303400,4.140924,26.684809,3.019799
Genomics/vec/Alzheimer/HG02315vec.txt,12,96,100,0.244162,0.244156,-0.002222,68.395403,1.487388,4.667552,24.449381,2.403421
Genomics/vec/schizophrenia/HG02317vec.txt,12,96,361,0.362077,0.362076,-0.000119,42.192093,0.436802,3.026880,17.595635,2.764080
Genomics/vec/breast_cancer/HG02317vec.txt,12,96,131,0.319866,0.319873,0.002116,45.366123,1.198116,4.004080,16.985493,2.363601
Genomics/vec/bipolar_disorder/HG02317vec.txt,12,96,150,0.367124,0.367111,-0.003472,47.394184,0.151732,3.476610,18.831570,2.004794
Genomics/vec/Type_2_diabetes/HG02317vec.txt,12,96,122,0.491591,0.491581,-0.002024,44.959554,0.933561,3.521313,22.294287,2.713178
Genomics/vec/Alzheimer/HG02317vec.txt,12,96,100,0.206055,0.206057,0.001007,64.697816,0.209667,4.862939,25.104761,2.708132
Genomics/vec/schizophrenia/HG02318vec.txt,12,96,361,0.359818,0.359815,-0.000963,60.649630,1.136253,4.826140,23.633741,2.614557
Genomics/vec/breast_cancer/HG02318vec.txt,12,96,131,0.274492,0.274494,0.000757,61.615646,1.200366,4.840500,24.286874,3.775739
Genomics/vec/bipolar_disorder/HG02318vec.txt,12,96,150,0.329331,0.329335,0.001053,62.425301,0.202163,3.376239,16.403527,2.317690
Genomics/vec/Type_2_diabetes/HG02318vec.txt,12,96,122,0.526519,0.526505,-0.002701,44.324148,0.980822,3.780820,17.857774,2.099911
Genomics/vec/Alzheimer/HG02318vec.txt,12,96,100,0.211102,0.211106,0.002024,62.299687,0.196060,4.311339,30.913423,2.795533
Genomics/vec/schizophrenia/HG02322vec.txt,12,96,361,0.361007,0.361011,0.001052,60.322129,1.406062,4.744448,27.141560,4.331939
Genomics/vec/breast_cancer/HG02322vec.txt,12,96,131,0.335077,0.335076,-0.000198,67.619841,0.153441,3.667912,17.841332,2.060284
Genomics/vec/bipolar_disorder/HG02322vec.txt,12,96,150,0.355209,0.355198,-0.003158,56.086362,1.116817,3.950382,17.323796,2.119421
Genomics/vec/Type_2_diabetes/HG02322vec.txt,12,96,122,0.457279,0.457281,0.000389,50.687595,0.986740,3.854118,17.600108,2.459416
Genomics/vec/Alzheimer/HG02322vec.txt,12,96,100,0.224722,0.224734,0.005273,57.628118,0.247684,5.156665,29.106455,2.414324
Genomics/vec/schizophrenia/HG02323vec.txt,12,96,361,0.345899,0.345906,0.002119,74.588740,2.205648,9.098859,26.782433,2.854420
Genomics/vec/breast_cancer/HG02323vec.txt,12,96,131,0.321348,0.321337,-0.003372,70.308839,0.405354,3.884142,23.143604,3.041652
Genomics/vec/bipolar_disorder/HG02323vec.txt,12,96,150,0.336463,0.336446,-0.005213,64.378027,0.625437,4.221020,24.529280,4.322627
Genomics/vec/Type_2_diabetes/HG02323vec.txt,12,96,122,0.550685,0.550676,-0.001555,65.151344,0.197418,4.669284,24.480665,3.919048
Genomics/vec/Alzheimer/HG02323vec.txt,12,96,100,0.240707,0.240724,0.007364,53.961265,0.288028,4.691937,18.740499,1.978083
Genomics/vec/schizophrenia/HG02325vec.txt,12,96,361,0.373309,0.373313,0.001302,42.737834,1.160992,3.500752,16.567990,2.266718
Genomics/vec/breast_cancer/HG02325vec.txt,12,96,131,0.320016,0.320006,-0.002989,42.155657,0.341472,3.423455,16.125076,1.919570
Genomics/vec/bipolar_disorder/HG02325vec.txt,12,96,150,0.321235,0.321238,0.001148,44.882786,1.039678,3.484770,25.952793,2.135376
Genomics/vec/Type_2_diabetes/HG02325vec.txt,12,96,122,0.395328,0.395317,-0.002845,44.387304,1.068795,4.265621,19.960700,2.274848
Genomics/vec/Alzheimer/HG02325vec.txt,12,96,100,0.206187,0.206177,-0.004940,64.584252,1.258571,6.446995,23.717017,2.955910
Genomics/vec/schizophrenia/HG02330vec.txt,12,96,361,0.315535,0.315528,-0.002508,76.557142,0.683137,5.131614,25.695063,2.819094
Genomics/vec/breast_cancer/HG02330vec.txt,12,96,131,0.262358,0.262356,-0.000748,65.085588,1.268349,6.280277,25.848081,3.136283
Genomics/vec/bipolar_disorder/HG02330vec.txt,12,96,150,0.327337,0.327332,-0.001520,58.705876,1.014464,4.835363,24.851816,2.930984
Genomics/vec/Type_2_diabetes/HG02330vec.txt,12,96,122,0.452101,0.452089,-0.002691,65.400543,1.398560,6.729270,41.625446,3.263448
Genomics/vec/Alzheimer/HG02330vec.txt,12,96,100,0.166044,0.166037,-0.004157,64.145535,0.228715,3.993581,24.371203,3.622869
Genomics/vec/schizophrenia/HG02332vec.txt,12,96,361,0.365521,0.365523,0.000427,54.149110,2.095507,3.746602,21.110950,3.307598
Genomics/vec/breast_cancer/HG02332vec.txt,12,96,131,0.284923,0.284907,-0.005679,67.848551,0.328986,4.030104,30.027913,3.249658
Genomics/vec/bipolar_disorder/HG02332vec.txt,12,96,150,0.348348,0.348346,-0.000498,65.119844,0.267149,3.732184,19.163685,2.532090
Genomics/vec/Type_2_diabetes/HG02332vec.txt,12,96,122,0.534213,0.534219,0.001110,60.801613,1.195058,5.162746,34.859148,3.984900
Genomics/vec/Alzheimer/HG02332vec.txt,12,96,100,0.318313,0.318344,0.009561,65.385243,0.943125,5.558879,24.997984,3.533228
Genomics/vec/schizophrenia/HG02334vec.txt,12,96,361,0.325873,0.325881,0.002380,75.631622,1.333338,5.241186,29.877028,2.779460
Genomics/vec/breast_cancer/HG02334vec.txt,12,96,131,0.386405,0.386405,-0.000084,59.808578,1.053523,4.951102,17.672565,2.360492
Genomics/vec/bipolar_disorder/HG02334vec.txt,12,96,150,0.346157,0.346166,0.002438,41.980476,0.440690,3.149239,17.698883,2.213894
Genomics/vec/Type_2_diabetes/HG02334vec.txt,12,96,122,0.607914,0.607911,-0.000487,42.876303,0.171317,2.949499,16.098155,2.027806
Genomics/vec/Alzheimer/HG02334vec.txt,12,96,100,0.201717,0.201716,-0.000207,47.720661,0.295705,6.741015,16.718805,2.260725
Genomics/vec/schizophrenia/HG02337vec.txt,12,96,361,0.344099,0.344089,-0.002822,50.463974,0.333968,3.569684,23.602764,3.314339
Genomics/vec/breast_cancer/HG02337vec.txt,12,96,131,0.282225,0.282235,0.003535,64.536201,0.234535,4.427053,27.220698,2.569439
Genomics/vec/bipolar_disorder/HG02337vec.txt,12,96,150,0.315504,0.315503,-0.000329,63.587399,0.639929,4.509042,26.917672,4.087204
Genomics/vec/Type_2_diabetes/HG02337vec.txt,12,96,122,0.519340,0.519331,-0.001800,65.516754,0.354732,5.048582,28.158587,2.807103
Genomics/vec/Alzheimer/HG02337vec.txt,12,96,100,0.199609,0.199615,0.003038,68.068820,0.384773,4.658720,20.353431,2.697333
Genomics/vec/schizophrenia/HG02339vec.txt,12,96,361,0.346718,0.346717,-0.000264,58.626046,0.848300,4.315933,25.288541,2.834237
Genomics/vec/breast_cancer/HG02339vec.txt,12,96,131,0.314553,0.314555,0.000559,48.521813,0.164237,3.824472,15.884128,1.950654
Genomics/vec/bipolar_disorder/HG02339vec.txt,12,96,150,0.321628,0.321613,-0.004710,45.430799,0.261552,3.381278,16.500652,1.782232
Genomics/vec/Type_2_diabetes/HG02339vec.txt,12,96,122,0.499365,0.499372,0.001517,49.848317,0.348285,3.373327,27.283502,5.052840
Genomics/vec/Alzheimer/HG02339vec.txt,12,96,100,0.242088,0.242111,0.009178,64.506100,0.251405,4.260009,26.797781,3.114665
Genomics/vec/schizophrenia/HG02343vec.txt,12,96,361,0.383928,0.383922,-0.001665,62.119596,0.430179,4.613559,23.059092,2.812461
Genomics/vec/breast_cancer/HG02343vec.txt,12,96,131,0.281152,0.281151,-0.000350,60.723265,0.479191,4.166330,25.426462,3.489484
Genomics/vec/bipolar_disorder/HG02343vec.txt,12,96,150,0.333216,0.333212,-0.001204,66.230719,0.665682,4.027129,26.130775,4.698853
Genomics/vec/Type_2_diabetes/HG02343vec.txt,12,96,122,0.518755,0.518752,-0.000659,55.561378,0.239960,4.503956,26.298504,3.300323
Genomics/vec/Alzheimer/HG02343vec.txt,12,96,100,0.270503,0.270501,-0.000769,56.720081,0.132104,3.165746,17.479364,1.775990
Genomics/vec/schizophrenia/HG02419vec.txt,12,96,361,0.341075,0.341087,0.003381,44.176680,1.424700,4.719838,19.065517,1.741908
Genomics/vec/breast_cancer/HG02419vec.txt,12,96,131,0.358362,0.358367,0.001332,48.308604,1.170693,3.663954,17.808926,2.072955
Genomics/vec/bipolar_disorder/HG02419vec.txt,12,96,150,0.325426,0.325428,0.000643,55.133129,1.290869,4.854661,23.457751,2.430096
Genomics/vec/Type_2_diabetes/HG02419vec.txt,12,96,122,0.514193,0.514186,-0.001235,62.573252,1.402332,4.645867,22.659390,2.739073
Genomics/vec/Alzheimer/HG02419vec.txt,12,96,100,0.269901,0.269901,-0.000056,60.874313,1.161092,6.108884,32.375718,2.847433
Genomics/vec/schizophrenia/HG02420vec.txt,12,96,361,0.320984,0.320979,-0.001520,68.699821,0.529448,4.295408,24.282777,2.314822
Genomics/vec/breast_cancer/HG02420vec.txt,12,96,131,0.321795,0.321787,-0.002310,45.386788,0.199241,3.042110,16.390204,2.020248
Genomics/vec/bipolar_disorder/HG02420vec.txt,12,96,150,0.282417,0.282438,0.007662,52.551927,0.245984,4.390911,22.977000,2.832300
Genomics/vec/Type_2_diabetes/HG02420vec.txt,12,96,122,0.545826,0.545815,-0.001891,58.697510,0.531761,4.423584,25.438232,3.248858
Genomics/vec/Alzheimer/HG02420vec.txt,12,96,100,0.155178,0.155188,0.005881,53.057989,0.140481,3.753525,15.770437,2.085547
Genomics/vec/schizophrenia/HG02427vec.txt,12,96,361,0.322942,0.322941,-0.000300,45.030862,0.509234,3.082875,16.266081,2.050718
Genomics/vec/breast_cancer/HG02427vec.txt,12,96,131,0.289034,0.289035,0.000566,46.348677,0.190200,3.480454,16.926280,1.965352
Genomics/vec/bipolar_disorder/HG02427vec.txt,12,96,150,0.336587,0.336584,-0.000811,48.422413,0.198175,3.133315,17.601692,1.964201
Genomics/vec/Type_2_diabetes/HG02427vec.txt,12,96,122,0.566465,0.566458,-0.001211,55.503784,0.360464,4.984342,30.012284,4.073148
Genomics/vec/Alzheimer/HG02427vec.txt,12,96,100,0.261462,0.261470,0.003163,59.985122,0.327717,5.335878,26.690039,2.314574
Genomics/vec/schizophrenia/HG02429vec.txt,12,96,361,0.319161,0.319154,-0.002175,59.773652,0.938185,4.623349,25.065806,3.048699
Genomics/vec/breast_cancer/HG02429vec.txt,12,96,131,0.331061,0.331073,0.003539,58.301353,0.249981,4.573074,21.954722,2.791824
Genomics/vec/bipolar_disorder/HG02429vec.txt,12,96,150,0.295463,0.295475,0.004134,51.297520,0.153262,3.802091,15.961964,2.041008
Genomics/vec/Type_2_diabetes/HG02429vec.txt,12,96,122,0.527689,0.527687,-0.000471,44.642869,0.406627,3.321525,24.886875,2.835379
Genomics/vec/Alzheimer/HG02429vec.txt,12,96,100,0.278414,0.278407,-0.002608,59.594680,1.076737,5.991652,31.692581,3.321833
Genomics/vec/schizophrenia/HG02433vec.txt,12,96,361,0.317311,0.317313,0.000884,64.110289,0.881633,6.901089,26.936225,1.945708
Genomics/vec/breast_cancer/HG02433vec.txt,12,96,131,0.333860,0.333869,0.002601,42.928351,0.151816,3.052162,21.330722,1.815108
Genomics/vec/bipolar_disorder/HG02433vec.txt,12,96,150,0.351747,0.351750,0.000889,48.491071,0.164995,3.544860,15.870371,2.038717
Genomics/vec/Type_2_diabetes/HG02433vec.txt,12,96,122,0.508782,0.508782,-0.000057,44.010633,1.054639,3.776123,16.211159,2.178983
Genomics/vec/Alzheimer/HG02433vec.txt,12,96,100,0.220860,0.220877,0.007463,46.870509,1.206510,8.111220,21.076374,2.986886
Genomics/vec/schizophrenia/HG02439vec.txt,12,96,361,0.336051,0.336053,0.000657,58.600348,1.374071,11.595188,31.974395,2.536688
Genomics/vec/breast_cancer/HG02439vec.txt,12,96,131,0.344722,0.344734,0.003431,61.198429,0.310906,4.358178,28.326421,2.607550
Genomics/vec/bipolar_disorder/HG02439vec.txt,12,96,150,0.375622,0.375628,0.001431,61.442071,1.319640,4.894002,22.927944,2.613914
Genomics/vec/Type_2_diabetes/HG02439vec.txt,12,96,122,0.510614,0.510613,-0.000036,65.774899,1.078403,4.882761,23.657394,2.518686
Genomics/vec/Alzheimer/HG02439vec.txt,12,96,100,0.235409,0.235414,0.002217,60.953085,1.126888,4.354691,22.138344,2.764009
Genomics/vec/schizophrenia/HG02442vec.txt,12,96,361,0.365249,0.365258,0.002510,45.924698,0.309173,3.196207,16.699925,2.008732
Genomics/vec/breast_cancer/HG02442vec.txt,12,96,131,0.252244,0.252262,0.007270,42.268910,0.443922,2.999463,15.507467,1.979186
Genomics/vec/bipolar_disorder/HG02442vec.txt,12,96,150,0.338523,0.338518,-0.001499,47.557898,0.873857,3.672933,16.331796,3.023719
Genomics/vec/Type_2_diabetes/HG02442vec.txt,12,96,122,0.489241,0.489248,0.001428,74.219893,4.607968,4.202016,28.037896,2.968945
Genomics/vec/Alzheimer/HG02442vec.txt,12,96,100,0.155238,0.155235,-0.001878,67.351453,0.241069,4.900937,30.335693,3.088921
Genomics/vec/schizophrenia/HG02445vec.txt,12,96,361,0.330941,0.330942,0.000537,66.150808,0.828081,4.480398,28.101666,2.403143
Genomics/vec/breast_cancer/HG02445vec.txt,12,96,131,0.365426,0.365430,0.001072,59.856260,0.658745,4.219211,27.149622,3.444142
Genomics/vec/bipolar_disorder/HG02445vec.txt,12,96,150,0.296891,0.296876,-0.005267,68.189669,0.494409,3.325162,21.469171,2.584913
Genomics/vec/Type_2_diabetes/HG02445vec.txt,12,96,122,0.518511,0.518524,0.002457,55.374383,0.578853,3.411620,23.084637,1.914691
Genomics/vec/Alzheimer/HG02445vec.txt,12,96,100,0.245575,0.245596,0.008721,49.676663,0.302067,5.376557,17.723960,2.282967
Genomics/vec/schizophrenia/HG02449vec.txt,12,96,361,0.356545,0.356540,-0.001226,44.229545,1.027510,3.565866,19.640590,5.087336
Genomics/vec/breast_cancer/HG02449vec.txt,12,96,131,0.257568,0.257574,0.002513,51.415909,0.679077,3.194493,16.425534,3.074932
Genomics/vec/bipolar_disorder/HG02449vec.txt,12,96,150,0.340422,0.340414,-0.002508,56.944110,0.260856,4.407171,23.148148,3.409471
Genomics/vec/Type_2_diabetes/HG02449vec.txt,12,96,122,0.535458,0.535464,0.001158,59.181829,0.981370,4.800907,29.058412,4.370966
Genomics/vec/Alzheimer/HG02449vec.txt,12,96,100,0.239444,0.239414,-0.012931,63.893996,0.980832,4.614543,34.820507,2.760452
Genomics/vec/schizophrenia/HG02450vec.txt,12,96,361,0.354773,0.354780,0.001922,68.014915,0.432275,7.303293,34.136895,3.065610
Genomics/vec/breast_cancer/HG02450vec.txt,12,96,131,0.266369,0.266372,0.001055,64.549325,1.024944,4.434232,19.303179,2.504272
Genomics/vec/bipolar_disorder/HG02450vec.txt,12,96,150,0.376421,0.376415,-0.001488,59.448092,0.943680,3.163438,16.925233,2.044592
Genomics/vec/Type_2_diabetes/HG02450vec.txt,12,96,122,0.523292,0.523296,0.000673,43.154458,0.301098,3.061928,16.166477,1.829636
Genomics/vec/Alzheimer/HG02450vec.txt,12,96,100,0.296821,0.296832,0.003898,43.940189,0.172638,3.148247,17.034372,1.838818
Genomics/vec/schizophrenia/HG02455vec.txt,12,96,361,0.317678,0.317670,-0.002691,47.035803,0.423183,3.571535,17.433921,2.360105
Genomics/vec/breast_cancer/HG02455vec.txt,12,96,131,0.239082,0.239090,0.003370,57.166316,0.251342,10.441996,24.836919,4.235366
Genomics/vec/bipolar_disorder/HG02455vec.txt,12,96,150,0.302930,0.302926,-0.001141,64.691724,1.211690,4.775712,24.422550,2.828714
Genomics/vec/Type_2_diabetes/HG02455vec.txt,12,96,122,0.494351,0.494351,-0.000082,63.329391,0.921894,4.724446,23.567149,2.587441
Genomics/vec/Alzheimer/HG02455vec.txt,12,96,100,0.190669,0.190671,0.001261,59.140696,1.028702,6.436786,23.767922,2.506085
Genomics/vec/schizophrenia/HG02461vec.txt,12,96,361,0.325719,0.325724,0.001401,57.975349,1.304027,5.900971,23.737609,2.506529
Genomics/vec/breast_cancer/HG02461vec.txt,12,96,131,0.348062,0.348054,-0.002303,54.879185,0.304407,4.291199,24.599632,3.816766
Genomics/vec/bipolar_disorder/HG02461vec.txt,12,96,150,0.335821,0.335820,-0.000400,55.926197,0.459512,4.823022,21.579144,2.277953
Genomics/vec/Type_2_diabetes/HG02461vec.txt,12,96,122,0.512186,0.512181,-0.001095,44.561358,0.502964,3.260453,22.532615,1.985082
Genomics/vec/Alzheimer/HG02461vec.txt,12,96,100,0.210240,0.210237,-0.001668,49.239453,0.150345,4.146829,25.423490,2.871663
Genomics/vec/schizophrenia/HG02462vec.txt,12,96,361,0.349406,0.349402,-0.001152,62.602871,0.531118,4.117220,23.467948,3.882459
Genomics/vec/breast_cancer/HG02462vec.txt,12,96,131,0.345178,0.345181,0.000781,61.921241,0.498047,5.654036,23.980809,2.745478
Genomics/vec/bipolar_disorder/HG02462vec.txt,12,96,150,0.325995,0.326005,0.003026,61.840733,0.536818,4.353487,27.096959,3.134683
Genomics/vec/Type_2_diabetes/HG02462vec.txt,12,96,122,0.525928,0.525925,-0.000573,69.161273,1.035616,5.519717,29.469882,2.969149
Genomics/vec/Alzheimer/HG02462vec.txt,12,96,100,0.273796,0.273803,0.002704,64.673033,0.270178,6.576260,24.316188,2.319078
Genomics/vec/schizophrenia/HG02464vec.txt,12,96,361,0.347689,0.347690,0.000550,45.103318,0.208799,3.088009,16.040716,2.116049
Genomics/vec/breast_cancer/HG02464vec.txt,12,96,131,0.304166,0.304171,0.001427,44.832360,1.177835,3.645100,15.911357,2.117243
Genomics/vec/bipolar_disorder/HG02464vec.txt,12,96,150,0.344698,0.344700,0.000515,44.230696,0.154075,3.126340,16.464227,2.384727
Genomics/vec/Type_2_diabetes/HG02464vec.txt,12,96,122,0.550955,0.550955,0.000027,51.127033,1.040359,6.121028,24.932961,3.108165
Genomics/vec/Alzheimer/HG02464vec.txt,12,96,100,0.233615,0.233584,-0.013342,62.446906,0.356970,4.126553,22.995873,2.788530
Genomics/vec/schizophrenia/HG02465vec.txt,12,96,361,0.353196,0.353202,0.001824,60.940953,1.205049,5.595528,27.918843,3.033956
Genomics/vec/breast_cancer/HG02465vec.txt,12,96,131,0.327731,0.327720,-0.003244,60.711780,1.171983,4.921893,27.521264,2.776136
Genomics/vec/bipolar_disorder/HG02465vec.txt,12,96,150,0.346776,0.346775,-0.000472,58.735127,0.447446,4.278197,21.556483,2.359394
Genomics/vec/Type_2_diabetes/HG02465vec.txt,12,96,122,0.517352,0.517353,0.000200,47.030066,1.186039,6.212534,26.326665,2.579350
Genomics/vec/Alzheimer/HG02465vec.txt,12,96,100,0.220876,0.220887,0.004701,59.491793,1.508768,5.048749,23.093693,2.844733
Genomics/vec/schizophrenia/HG02470vec.txt,12,96,361,0.335055,0.335055,-0.000059,63.673056,0.249338,3.004622,16.204934,2.246910
Genomics/vec/breast_cancer/HG02470vec.txt,12,96,131,0.336252,0.336252,0.000088,48.999227,0.170276,3.727295,17.592810,2.526433
Genomics/vec/bipolar_disorder/HG02470vec.txt,12,96,150,0.300717,0.300714,-0.000811,49.890542,0.758980,3.549023,19.624803,2.126564
Genomics/vec/Type_2_diabetes/HG02470vec.txt,12,96,122,0.484100,0.484102,0.000466,45.267744,0.958726,5.814699,21.959019,1.836558
Genomics/vec/Alzheimer/HG02470vec.txt,12,96,100,0.170451,0.170443,-0.004596,57.434142,0.642484,4.191340,26.503570,3.075164
Genomics/vec/schizophrenia/HG02471vec.txt,12,96,361,0.355717,0.355722,0.001282,58.510851,0.759163,4.121981,22.584152,2.686324
Genomics/vec/breast_cancer/HG02471vec.txt,12,96,131,0.376597,0.376591,-0.001747,58.034396,1.220979,4.953032,23.265724,2.756825
Genomics/vec/bipolar_disorder/HG02471vec.txt,12,96,150,0.357809,0.357808,-0.000309,60.900478,0.408687,4.379047,24.023739,2.776264
Genomics/vec/Type_2_diabetes/HG02471vec.txt,12,96,122,0.504281,0.504272,-0.001743,50.024636,0.164111,3.943224,15.800258,2.394495
Genomics/vec/Alzheimer/HG02471vec.txt,12,96,100,0.277448,0.277447,-0.000255,42.420760,0.227400,3.047909,20.012729,2.320832
Genomics/vec/schizophrenia/HG02476vec.txt,12,96,361,0.385719,0.385719,-0.000126,64.669169,0.425555,4.343903,23.894521,2.661129
Genomics/vec/breast_cancer/HG02476vec.txt,12,96,131,0.381774,0.381767,-0.001965,62.425402,1.045557,4.897647,24.922010,2.818760
Genomics/vec/bipolar_disorder/HG02476vec.txt,12,96,150,0.347692,0.347703,0.003121,45.255244,0.211609,3.524028,16.068809,2.688889
Genomics/vec/Type_2_diabetes/HG02476vec.txt,12,96,122,0.534059,0.534048,-0.002158,49.544364,0.916720,3.483042,16.139667,2.024572
Genomics/vec/Alzheimer/HG02476vec.txt,12,96,100,0.257574,0.257573,-0.000309,47.307995,1.854888,3.938274,16.839375,3.146325
Genomics/vec/schizophrenia/HG02477vec.txt,12,96,361,0.290580,0.290581,0.000446,45.972237,1.549941,5.857566,22.657438,2.330443
Genomics/vec/breast_cancer/HG02477vec.txt,12,96,131,0.373898,0.373898,0.000102,61.262208,1.155095,6.447825,25.566060,2.637276
Genomics/vec/bipolar_disorder/HG02477vec.txt,12,96,150,0.340376,0.340365,-0.003098,63.527124,1.213333,4.886445,23.193223,3.193040
Genomics/vec/Type_2_diabetes/HG02477vec.txt,12,96,122,0.549186,0.549175,-0.001951,65.652001,0.937146,4.752557,23.076546,2.759640
Genomics/vec/Alzheimer/HG02477vec.txt,12,96,100,0.257826,0.257830,0.001786,62.519241,0.924164,4.618856,26.068696,3.726555
Genomics/vec/schizophrenia/HG02479vec.txt,12,96,361,0.321703,0.321705,0.000575,58.668370,0.726774,4.527865,20.296186,3.814183
Genomics/vec/breast_cancer/HG02479vec.txt,12,96,131,0.349547,0.349550,0.001027,53.919002,0.953712,3.206487,16.244198,1.939509
Genomics/vec/bipolar_disorder/HG02479vec.txt,12,96,150,0.294370,0.294357,-0.004340,41.773922,0.181122,3.305286,16.311506,2.037708
Genomics/vec/Type_2_diabetes/HG02479vec.txt,12,96,122,0.493820,0.493822,0.000379,47.896285,0.501429,3.120472,19.287362,2.499923
Genomics/vec/Alzheimer/HG02479vec.txt,12,96,100,0.272790,0.272800,0.003596,54.035635,1.040358,5.128180,24.722946,2.872588
Genomics/vec/schizophrenia/HG02481vec.txt,12,96,361,0.340830,0.340828,-0.000690,70.613146,1.023213,4.756858,24.241704,2.501927
Genomics/vec/breast_cancer/HG02481vec.txt,12,96,131,0.294149,0.294134,-0.005230,58.418330,0.400093,4.235436,24.837286,2.859621
Genomics/vec/bipolar_disorder/HG02481vec.txt,12,96,150,0.307794,0.307781,-0.004333,63.671026,0.777900,5.069444,24.661567,3.862596
Genomics/vec/Type_2_diabetes/HG02481vec.txt,12,96,122,0.589763,0.589758,-0.000837,62.918465,1.459336,12.872153,23.112941,2.698735
Genomics/vec/Alzheimer/HG02481vec.txt,12,96,100,0.197924,0.197922,-0.001042,66.715417,1.064928,4.916884,27.452965,1.969042
Genomics/vec/schizophrenia/HG02484vec.txt,12,96,361,0.300573,0.300573,0.000044,44.043885,1.590946,4.077280,22.584193,2.255367
Genomics/vec/breast_cancer/HG02484vec.txt,12,96,131,0.397709,0.397720,0.002589,54.115139,0.904756,4.060166,21.368350,2.601510
Genomics/vec/bipolar_disorder/HG02484vec.txt,12,96,150,0.346870,0.346866,-0.001187,49.313033,0.151021,3.046012,16.004107,1.993925
Genomics/vec/Type_2_diabetes/HG02484vec.txt,12,96,122,0.571861,0.571857,-0.000718,54.024728,1.261173,5.008315,26.340810,3.136424
Genomics/vec/Alzheimer/HG02484vec.txt,12,96,100,0.181110,0.181111,0.000520,57.403186,0.311253,4.125845,26.650739,2.509959
Genomics/vec/schizophrenia/HG02485vec.txt,12,96,361,0.331068,0.331060,-0.002335,60.516455,0.574298,4.176060,22.851166,2.682057
Genomics/vec/breast_cancer/HG02485vec.txt,12,96,131,0.318693,0.318693,0.000245,66.239723,0.840175,4.156477,28.131319,3.761809
Genomics/vec/bipolar_disorder/HG02485vec.txt,12,96,150,0.310470,0.310474,0.001128,66.649904,1.145762,4.861183,25.103443,2.820379
Genomics/vec/Type_2_diabetes/HG02485vec.txt,12,96,122,0.468811,0.468811,0.000100,58.657017,0.456051,4.585618,23.269167,2.471050
Genomics/vec/Alzheimer/HG02485vec.txt,12,96,100,0.177739,0.177751,0.007048,43.081877,0.131283,3.351580,17.695936,1.885375
Genomics/vec/schizophrenia/HG02489vec.txt,12,96,361,0.386518,0.386515,-0.000983,42.561725,1.330861,3.868954,20.654366,1.919144
Genomics/vec/breast_cancer/HG02489vec.txt,12,96,131,0.392144,0.392144,-0.000169,43.741301,1.091302,3.726633,16.397941,2.568602
Genomics/vec/bipolar_disorder/HG02489vec.txt,12,96,150,0.369322,0.369332,0.002701,49.057936,0.989156,5.271743,17.974793,4.234245
Genomics/vec/Type_2_diabetes/HG02489vec.txt,12,96,122,0.551388,0.551384,-0.000647,67.034623,1.173362,4.871190,29.261222,3.891171
Genomics/vec/Alzheimer/HG02489vec.txt,12,96,100,0.264390,0.264395,0.001959,57.797960,0.201217,4.147662,26.325652,2.486493
Genomics/vec/schizophrenia/HG02496vec.txt,12,96,361,0.367988,0.367993,0.001468,62.015959,0.527884,4.098590,27.654034,3.948176
Genomics/vec/breast_cancer/HG02496vec.txt,12,96,131,0.325208,0.325210,0.000452,58.063991,1.138644,4.811324,22.647254,2.804879
Genomics/vec/bipolar_disorder/HG02496vec.txt,12,96,150,0.312039,0.312039,-0.000104,53.523753,1.189554,4.722712,23.650699,2.925843
Genomics/vec/Type_2_diabetes/HG02496vec.txt,12,96,122,0.499377,0.499366,-0.002120,62.015957,1.362678,5.925155,21.790184,2.313694
Genomics/vec/Alzheimer/HG02496vec.txt,12,96,100,0.276005,0.276029,0.008731,51.193455,0.797582,3.174329,16.134589,1.903797
Genomics/vec/schizophrenia/HG02497vec.txt,12,96,361,0.359918,0.359927,0.002474,51.582093,0.826752,5.058570,23.996286,2.705901
Genomics/vec/breast_cancer/HG02497vec.txt,12,96,131,0.321043,0.321041,-0.000741,64.253265,1.409298,6.365472,25.434071,3.533368
Genomics/vec/bipolar_disorder/HG02497vec.txt,12,96,150,0.343014,0.343008,-0.001801,63.822387,0.565459,5.009490,27.642489,3.922293
Genomics/vec/Type_2_diabetes/HG02497vec.txt,12,96,122,0.555370,0.555363,-0.001290,70.965487,1.838600,4.724807,23.727839,3.158821
Genomics/vec/Alzheimer/HG02497vec.txt,12,96,100,0.192009,0.191992,-0.009175,60.112105,1.068158,4.594716,23.305172,2.846862
Genomics/vec/schizophrenia/HG02501vec.txt,12,96,361,0.321623,0.321621,-0.000587,63.561088,0.438149,4.208795,26.064925,2.199477
Genomics/vec/breast_cancer/HG02501vec.txt,12,96,131,0.271857,0.271871,0.005181,48.995230,0.267949,3.432468,16.099377,2.319493
Genomics/vec/bipolar_disorder/HG02501vec.txt,12,96,150,0.357563,0.357556,-0.001914,47.677486,0.174911,3.250150,16.706430,1.793065
Genomics/vec/Type_2_diabetes/HG02501vec.txt,12,96,122,0.534127,0.534128,0.000151,43.886567,0.171564,3.464037,20.515621,2.138444
Genomics/vec/Alzheimer/HG02501vec.txt,12,96,100,0.232942,0.232930,-0.005410,50.328401,0.186211,4.175523,27.456498,3.231139
Genomics/vec/schizophrenia/HG02502vec.txt,12,96,361,0.309190,0.309189,-0.000392,56.578435,5.270642,4.869728,24.474402,3.803713
Genomics/vec/breast_cancer/HG02502vec.txt,12,96,131,0.305267,0.305263,-0.001370,57.766960,0.972067,4.666291,23.798670,2.690014
Genomics/vec/bipolar_disorder/HG02502vec.txt,12,96,150,0.325366,0.325359,-0.002095,64.939324,0.531160,4.622038,22.840229,2.877415
Genomics/vec/Type_2_diabetes/HG02502vec.txt,12,96,122,0.499114,0.499122,0.001612,52.184232,0.218528,4.101706,17.106663,1.688054
Genomics/vec/Alzheimer/HG02502vec.txt,12,96,100,0.172595,0.172601,0.003706,45.302711,0.467263,3.220885,21.158764,2.404395
Genomics/vec/schizophrenia/HG02505vec.txt,12,96,361,0.312876,0.312879,0.000804,67.359772,1.322593,5.245677,23.025863,2.754894
Genomics/vec/breast_cancer/HG02505vec.txt,12,96,131,0.414740,0.414731,-0.002074,59.214291,1.312369,6.836070,23.032310,1.907656
Genomics/vec/bipolar_disorder/HG02505vec.txt,12,96,150,0.326312,0.326321,0.002727,41.941185,0.203079,3.151087,17.344774,1.766350
Genomics/vec/Type_2_diabetes/HG02505vec.txt,12,96,122,0.459902,0.459908,0.001244,45.293143,0.767497,3.327148,15.923992,2.135043
Genomics/vec/Alzheimer/HG02505vec.txt,12,96,100,0.293078,0.293086,0.002782,48.360017,0.144026,2.973883,20.981236,6.686201
Genomics/vec/schizophrenia/HG02508vec.txt,12,96,361,0.342400,0.342405,0.001383,56.658219,0.403302,7.449941,25.183756,2.706570
Genomics/vec/breast_cancer/HG02508vec.txt,12,96,131,0.346674,0.346680,0.001887,69.945681,0.258628,5.197457,25.550709,2.467496
Genomics/vec/bipolar_disorder/HG02508vec.txt,12,96,150,0.344570,0.344568,-0.000608,62.215215,1.269724,4.891102,23.381867,2.890626
Genomics/vec/Type_2_diabetes/HG02508vec.txt,12,96,122,0.543497,0.543496,-0.000249,59.592543,1.310244,4.893670,23.884043,2.903082
Genomics/vec/Alzheimer/HG02508vec.txt,12,96,100,0.190604,0.190587,-0.008750,48.681249,0.376421,3.022337,16.804017,2.029726
Genomics/vec/schizophrenia/HG02511vec.txt,12,96,361,0.312521,0.312520,-0.000377,42.422264,0.351885,3.531511,19.049981,2.058395
Genomics/vec/breast_cancer/HG02511vec.txt,12,96,131,0.314440,0.314445,0.001295,55.803128,0.871381,4.858880,30.255092,2.770977
Genomics/vec/bipolar_disorder/HG02511vec.txt,12,96,150,0.338973,0.338969,-0.001060,62.643855,0.604896,4.197378,23.732646,2.351642
Genomics/vec/Type_2_diabetes/HG02511vec.txt,12,96,122,0.518982,0.518979,-0.000565,45.542100,0.344587,5.280639,16.145511,2.073255
Genomics/vec/Alzheimer/HG02511vec.txt,12,96,100,0.237303,0.237285,-0.007423,42.877194,0.216213,3.465762,16.627179,1.940174
Genomics/vec/schizophrenia/HG02536vec.txt,12,96,361,0.265027,0.265031,0.001306,49.726064,1.033603,4.825771,20.382897,2.212751
Genomics/vec/breast_cancer/HG02536vec.txt,12,96,131,0.273474,0.273476,0.000680,44.874562,0.264375,2.957575,17.272969,2.381986
Genomics/vec/bipolar_disorder/HG02536vec.txt,12,96,150,0.320593,0.320600,0.002325,51.208985,1.085913,4.775464,26.356361,4.685078
Genomics/vec/Type_2_diabetes/HG02536vec.txt,12,96,122,0.562652,0.562655,0.000461,60.011014,0.326598,5.249247,23.314808,2.471850
Genomics/vec/Alzheimer/HG02536vec.txt,12,96,100,0.242333,0.242329,-0.001477,62.543678,0.279144,5.017629,25.837232,3.562455
Genomics/vec/schizophrenia/HG02537vec.txt,12,96,361,0.358399,0.358392,-0.001976,63.074583,1.506515,4.792242,24.196400,2.613698
Genomics/vec/breast_cancer/HG02537vec.txt,12,96,131,0.304199,0.304198,-0.000459,58.947873,0.241637,4.829828,25.272798,2.984668
Genomics/vec/bipolar_disorder/HG02537vec.txt,12,96,150,0.343023,0.343026,0.001090,51.540797,0.236224,5.320862,21.778272,2.123794
Genomics/vec/Type_2_diabetes/HG02537vec.txt,12,96,122,0.541071,0.541066,-0.000954,42.149878,0.769041,3.533678,15.948314,2.068328
Genomics/vec/Alzheimer/HG02537vec.txt,12,96,100,0.190738,0.190742,0.002322,42.331178,0.988507,3.547445,16.123172,2.025246
Genomics/vec/schizophrenia/HG02541vec.txt,12,96,361,0.338956,0.338957,0.000085,50.430270,0.546673,3.867868,23.342245,4.633863
Genomics/vec/breast_cancer/HG02541vec.txt,12,96,131,0.321229,0.321223,-0.001918,61.149053,0.240699,5.293609,29.231014,3.700583
Genomics/vec/bipolar_disorder/HG02541vec.txt,12,96,150,0.322499,0.322507,0.002449,56.219467,0.356089,4.282378,27.542165,2.856034
Genomics/vec/Type_2_diabetes/HG02541vec.txt,12,96,122,0.610541,0.610520,-0.003481,66.472784,0.936228,4.562936,27.868199,4.081121
Genomics/vec/Alzheimer/HG02541vec.txt,12,96,100,0.222018,0.222027,0.004055,59.068276,0.168605,5.666273,24.268746,2.740489
Genomics/vec/schizophrenia/HG02545vec.txt,12,96,361,0.315014,0.315014,-0.000172,56.364400,0.366452,4.584083,21.494523,2.599239
Genomics/vec/breast_cancer/HG02545vec.txt,12,96,131,0.324236,0.324243,0.002065,54.287164,0.151832,3.135342,17.638181,1.895497
Genomics/vec/bipolar_disorder/HG02545vec.txt,12,96,150,0.339245,0.339236,-0.002426,44.897106,0.154631,3.350559,15.778319,2.135593
Genomics/vec/Type_2_diabetes/HG02545vec.txt,12,96,122,0.507745,0.507754,0.001706,44.168126,0.155969,3.171997,17.402462,2.219961
Genomics/vec/Alzheimer/HG02545vec.txt,12,96,100,0.224863,0.224849,-0.006382,49.722925,0.162586,3.193106,16.630351,1.997170
Genomics/vec/schizophrenia/HG02546vec.txt,12,96,361,0.325987,0.325987,0.000020,51.465013,0.703295,4.031849,22.397250,2.650570
Genomics/vec/breast_cancer/HG02546vec.txt,12,96,131,0.362521,0.362511,-0.002784,59.739272,0.499812,4.645651,22.735838,2.715269
Genomics/vec/bipolar_disorder/HG02546vec.txt,12,96,150,0.306169,0.306165,-0.001169,60.324469,1.105198,5.136856,23.278982,2.734917
Genomics/vec/Type_2_diabetes/HG02546vec.txt,12,96,122,0.573282,0.573290,0.001457,62.826198,0.838050,6.543870,25.840849,3.586815
Genomics/vec/Alzheimer/HG02546vec.txt,12,96,100,0.260666,0.260684,0.006657,60.896681,0.249393,5.711874,28.432408,4.147532
Genomics/vec/schizophrenia/HG02549vec.txt,12,96,361,0.340469,0.340461,-0.002148,55.007696,0.601783,5.556959,22.952663,4.626117
Genomics/vec/breast_cancer/HG02549vec.txt,12,96,131,0.299085,0.299077,-0.002459,51.063674,1.064083,3.759709,16.585922,1.938754
Genomics/vec/bipolar_disorder/HG02549vec.txt,12,96,150,0.337520,0.337525,0.001424,49.315040,1.039497,3.592147,16.301244,2.174015
Genomics/vec/Type_2_diabetes/HG02549vec.txt,12,96,122,0.557705,0.557711,0.001195,49.292764,0.164114,3.200228,18.624978,1.829913
Genomics/vec/Alzheimer/HG02549vec.txt,12,96,100,0.278647,0.278667,0.007129,48.353754,1.302507,5.053175,19.203822,2.293272
Genomics/vec/schizophrenia/HG02554vec.txt,12,96,361,0.287370,0.287370,-0.000330,68.902634,0.344705,4.305683,25.073843,2.752286
Genomics/vec/breast_cancer/HG02554vec.txt,12,96,131,0.323891,0.323896,0.001637,65.102548,0.214224,4.612682,23.693536,2.584182
Genomics/vec/bipolar_disorder/HG02554vec.txt,12,96,150,0.303167,0.303163,-0.001252,60.684597,0.915826,4.619038,23.909500,2.801867
Genomics/vec/Type_2_diabetes/HG02554vec.txt,12,96,122,0.547599,0.547597,-0.000380,61.123602,0.223169,4.521205,23.979326,2.523658
Genomics/vec/Alzheimer/HG02554vec.txt,12,96,100,0.226373,0.226385,0.005040,62.804484,0.790402,4.762959,23.673146,2.730620
Genomics/vec/schizophrenia/HG02555vec.txt,12,96,361,0.317882,0.317892,0.003048,54.297306,0.502101,4.152393,21.924254,2.586098
Genomics/vec/breast_cancer/HG02555vec.txt,12,96,131,0.339649,0.339653,0.001210,47.925807,0.252847,3.103082,17.777130,1.746768
Genomics/vec/bipolar_disorder/HG02555vec.txt,12,96,150,0.327776,0.327770,-0.001854,43.837956,0.969846,3.366967,20.111991,1.809832
Genomics/vec/Type_2_diabetes/HG02555vec.txt,12,96,122,0.514452,0.514457,0.001022,47.686610,0.167377,3.788854,18.596133,2.336795
Genomics/vec/Alzheimer/HG02555vec.txt,12,96,100,0.123313,0.123311,-0.001658,62.902306,0.248814,4.701391,25.880364,2.485321
Genomics/vec/schizophrenia/HG02557vec.txt,12,96,361,0.344339,0.344339,0.000043,60.650221,0.736341,10.138362,26.790889,2.937607
Genomics/vec/breast_cancer/HG02557vec.txt,12,96,131,0.342838,0.342846,0.002378,59.470027,0.635738,4.426065,24.970836,2.780618
Genomics/vec/bipolar_disorder/HG02557vec.txt,12,96,150,0.345615,0.345614,-0.000341,70.102103,1.078000,4.731513,22.990302,3.408403
Genomics/vec/Type_2_diabetes/HG02557vec.txt,12,96,122,0.622345,0.622327,-0.002769,72.564884,0.349940,5.013887,30.829474,2.889367
Genomics/vec/Alzheimer/HG02557vec.txt,12,96,100,0.226645,0.226643,-0.000714,57.896864,0.965400,3.888722,17.104847,3.201000
Genomics/vec/schizophrenia/HG02558vec.txt,12,96,361,0.345635,0.345633,-0.000603,44.750209,1.058845,3.390364,17.093335,2.333314
Genomics/vec/breast_cancer/HG02558vec.txt,12,96,131,0.379532,0.379537,0.001222,44.998682,0.694071,3.097034,18.010563,2.442725
Genomics/vec/bipolar_disorder/HG02558vec.txt,12,96,150,0.355318,0.355316,-0.000510,57.239697,0.220411,4.172493,28.053585,3.070277
Genomics/vec/Type_2_diabetes/HG02558vec.txt,12,96,122,0.586065,0.586065,0.000068,58.338870,0.273584,4.369617,22.894439,3.111335
Genomics/vec/Alzheimer/HG02558vec.txt,12,96,100,0.308744,0.308744,-0.000103,58.913110,0.442070,5.771780,25.594918,2.865188
Genomics/vec/schizophrenia/HG02561vec.txt,12,96,361,0.317769,0.317773,0.001418,61.215115,0.703757,4.351370,21.491631,1.955730
Genomics/vec/breast_cancer/HG02561vec.txt,12,96,131,0.298174,0.298169,-0.001733,46.594288,0.159535,5.142843,19.382742,1.925962
Genomics/vec/bipolar_disorder/HG02561vec.txt,12,96,150,0.354665,0.354665,0.000160,60.498867,1.143561,5.109492,23.553257,2.653055
Genomics/vec/Type_2_diabetes/HG02561vec.txt,12,96,122,0.508743,0.508747,0.000792,61.796125,1.194934,4.995309,22.892066,2.685683
Genomics/vec/Alzheimer/HG02561vec.txt,12,96,100,0.202298,0.202301,0.001345,55.888990,0.139982,3.126935,20.879109,1.846996
Genomics/vec/schizophrenia/HG02562vec.txt,12,96,361,0.375408,0.375411,0.000749,43.653195,1.209301,4.030729,16.193027,2.797942
Genomics/vec/breast_cancer/HG02562vec.txt,12,96,131,0.363855,0.363864,0.002553,42.728150,1.022308,3.583763,17.337433,2.710808
Genomics/vec/bipolar_disorder/HG02562vec.txt,12,96,150,0.328901,0.328899,-0.000589,45.310627,1.396602,4.030092,21.393181,2.042574
Genomics/vec/Type_2_diabetes/HG02562vec.txt,12,96,122,0.576073,0.576074,0.000240,54.711561,4.466936,5.302219,30.532182,2.638058
Genomics/vec/Alzheimer/HG02562vec.txt,12,96,100,0.300475,0.300474,-0.000127,59.758388,1.045480,4.856550,22.735248,2.590627
Genomics/vec/schizophrenia/HG02568vec.txt,12,96,361,0.277652,0.277651,-0.000363,59.776988,1.524837,4.508035,23.235185,2.784314
Genomics/vec/breast_cancer/HG02568vec.txt,12,96,131,0.317945,0.317954,0.002738,60.831459,0.171000,4.870666,23.613068,2.339226
Genomics/vec/bipolar_disorder/HG02568vec.txt,12,96,150,0.309544,0.309542,-0.000651,44.942568,0.443773,3.946920,17.231741,2.290585
Genomics/vec/Type_2_diabetes/HG02568vec.txt,12,96,122,0.485523,0.485522,-0.000277,43.057971,0.904741,3.483017,19.447074,2.668672
Genomics/vec/Alzheimer/HG02568vec.txt,12,96,100,0.226848,0.226848,-0.000074,58.029235,1.207476,4.689496,22.168270,4.057169
Genomics/vec/schizophrenia/HG02570vec.txt,12,96,361,0.347028,0.347036,0.002289,59.733206,1.142451,4.553829,19.438163,2.125852
Genomics/vec/breast_cancer/HG02570vec.txt,12,96,131,0.338329,0.338328,-0.000378,42.215104,0.236097,3.122135,17.948988,1.963535
Genomics/vec/bipolar_disorder/HG02570vec.txt,12,96,150,0.336089,0.336096,0.001876,42.281600,1.288698,3.914089,18.662145,2.454465
Genomics/vec/Type_2_diabetes/HG02570vec.txt,12,96,122,0.508679,0.508666,-0.002431,49.781996,0.857926,3.852261,18.839439,5.334494
Genomics/vec/Alzheimer/HG02570vec.txt,12,96,100,0.244924,0.244926,0.001031,43.872911,1.034374,3.490187,22.646795,2.708678
Genomics/vec/schizophrenia/HG02571vec.txt,12,96,361,0.360391,0.360393,0.000557,71.758070,0.312780,4.438949,32.816627,2.869248
Genomics/vec/breast_cancer/HG02571vec.txt,12,96,131,0.310251,0.310251,0.000053,59.029962,0.216675,4.749940,23.459270,2.623352
Genomics/vec/bipolar_disorder/HG02571vec.txt,12,96,150,0.385610,0.385608,-0.000467,62.738610,0.314881,5.748974,23.507054,3.276608
Genomics/vec/Type_2_diabetes/HG02571vec.txt,12,96,122,0.504831,0.504831,0.000055,61.383243,1.212235,4.703788,24.314952,2.776131
Genomics/vec/Alzheimer/HG02571vec.txt,12,96,100,0.241767,0.241761,-0.002221,62.069263,0.341523,3.485693,23.844767,2.682059
Genomics/vec/schizophrenia/HG02573vec.txt,12,96,361,0.365348,0.365347,-0.000250,50.373858,1.382080,3.606702,17.476289,1.866913
Genomics/vec/breast_cancer/HG02573vec.txt,12,96,131,0.298730,0.298728,-0.000768,43.978884,0.162486,3.858297,18.961008,2.398085
Genomics/vec/bipolar_disorder/HG02573vec.txt,12,96,150,0.338650,0.338651,0.000495,46.728120,0.904433,3.803525,23.007795,3.754300
Genomics/vec/Type_2_diabetes/HG02573vec.txt,12,96,122,0.503467,0.503460,-0.001420,65.380060,0.672694,4.374484,33.037783,2.966165
Genomics/vec/Alzheimer/HG02573vec.txt,12,96,100,0.281433,0.281430,-0.000988,58.667987,1.054344,4.951095,27.423182,3.178114
Genomics/vec/schizophrenia/HG02574vec.txt,12,96,361,0.349238,0.349232,-0.001852,69.251739,0.443856,4.133499,22.901065,2.867144
Genomics/vec/breast_cancer/HG02574vec.txt,12,96,131,0.339798,0.339787,-0.003314,65.087992,1.283202,5.612036,26.306505,2.850376
Genomics/vec/bipolar_disorder/HG02574vec.txt,12,96,150,0.347310,0.347300,-0.002956,66.331011,1.078822,4.771510,31.108442,5.821611
Genomics/vec/Type_2_diabetes/HG02574vec.txt,12,96,122,0.485976,0.485978,0.000427,46.214098,0.233489,3.757594,16.749054,2.114999
Genomics/vec/Alzheimer/HG02574vec.txt,12,96,100,0.229166,0.229173,0.003202,46.229286,0.164070,3.125611,16.547436,1.998607
Genomics/vec/schizophrenia/HG02577vec.txt,12,96,361,0.334812,0.334818,0.001571,51.425117,1.142203,3.988355,21.848808,2.379450
Genomics/vec/breast_cancer/HG02577vec.txt,12,96,131,0.307731,0.307733,0.000880,53.042563,0.443227,4.310548,25.419360,2.876671
Genomics/vec/bipolar_disorder/HG02577vec.txt,12,96,150,0.356293,0.356296,0.000904,63.373390,0.240388,4.188353,26.480784,2.570517
Genomics/vec/Type_2_diabetes/HG02577vec.txt,12,96,122,0.480599,0.480591,-0.001627,57.840865,1.153534,4.832776,26.283495,2.449921
Genomics/vec/Alzheimer/HG02577vec.txt,12,96,100,0.213062,0.213041,-0.009883,57.578241,1.077858,5.096727,23.270172,3.552112
Genomics/vec/schizophrenia/HG02580vec.txt,12,96,361,0.333877,0.333880,0.001164,51.055911,0.272150,3.101467,19.671716,1.776930
Genomics/vec/breast_cancer/HG02580vec.txt,12,96,131,0.249857,0.249861,0.001270,65.196057,1.128632,6.641527,30.441103,2.977291
Genomics/vec/bipolar_disorder/HG02580vec.txt,12,96,150,0.354956,0.354963,0.002041,62.661872,0.267829,4.154196,24.865980,2.557023
Genomics/vec/Type_2_diabetes/HG02580vec.txt,12,96,122,0.447237,0.447240,0.000624,45.283852,1.288103,5.756867,16.211909,1.940230
Genomics/vec/Alzheimer/HG02580vec.txt,12,96,100,0.250960,0.250985,0.010144,46.576857,1.209465,3.516433,17.828847,2.151228
Genomics/vec/schizophrenia/HG02582vec.txt,12,96,361,0.356812,0.356806,-0.001766,47.620070,1.115347,3.626338,21.412337,1.829636
Genomics/vec/breast_cancer/HG02582vec.txt,12,96,131,0.269402,0.269411,0.003516,43.121083,1.304218,5.442978,18.242297,1.933513
Genomics/vec/bipolar_disorder/HG02582vec.txt,12,96,150,0.301803,0.301803,0.000166,69.869026,0.262177,4.167733,25.747685,2.783184
Genomics/vec/Type_2_diabetes/HG02582vec.txt,12,96,122,0.561595,0.561588,-0.001340,62.721458,1.119499,4.449206,24.311798,3.363974
Genomics/vec/Alzheimer/HG02582vec.txt,12,96,100,0.210965,0.210967,0.000897,58.149240,1.211525,5.017487,26.228211,2.530843
Genomics/vec/schizophrenia/HG02583vec.txt,12,96,361,0.393426,0.393429,0.000817,57.456167,1.392986,4.976759,24.295787,2.672528
Genomics/vec/breast_cancer/HG02583vec.txt,12,96,131,0.345056,0.345054,-0.000663,60.935265,0.224090,4.237420,25.780023,3.397874
Genomics/vec/bipolar_disorder/HG02583vec.txt,12,96,150,0.364784,0.364778,-0.001555,53.931615,1.065873,3.851547,15.741207,2.093874
Genomics/vec/Type_2_diabetes/HG02583vec.txt,12,96,122,0.477430,0.477421,-0.001913,47.460726,1.614141,3.691700,16.930608,2.138378
Genomics/vec/Alzheimer/HG02583vec.txt,12,96,100,0.309994,0.309987,-0.002472,43.314108,0.154606,3.338791,21.637501,1.837211
Genomics/vec/schizophrenia/HG02585vec.txt,12,96,361,0.342382,0.342382,-0.000133,49.986030,1.476379,6.046867,22.286585,4.803841
Genomics/vec/breast_cancer/HG02585vec.txt,12,96,131,0.257278,0.257268,-0.003934,64.254176,1.135307,4.843509,26.274014,3.731892
Genomics/vec/bipolar_disorder/HG02585vec.txt,12,96,150,0.324982,0.324976,-0.001855,60.612294,1.334523,8.448606,23.577604,2.626716
Genomics/vec/Type_2_diabetes/HG02585vec.txt,12,96,122,0.480158,0.480165,0.001390,63.888742,1.275600,4.918960,24.131601,3.139159
Genomics/vec/Alzheimer/HG02585vec.txt,12,96,100,0.183682,0.183681,-0.000624,58.573015,1.110391,4.509568,24.337903,2.722939
Genomics/vec/schizophrenia/HG02586vec.txt,12,96,361,0.350075,0.350079,0.001054,66.391645,0.417285,4.461818,23.561303,2.237241
Genomics/vec/breast_cancer/HG02586vec.txt,12,96,131,0.295215,0.295206,-0.002996,42.140061,1.281860,4.085644,16.893932,1.732289
Genomics/vec/bipolar_disorder/HG02586vec.txt,12,96,150,0.347649,0.347647,-0.000841,42.082114,1.052139,3.513324,16.632899,2.043035
Genomics/vec/Type_2_diabetes/HG02586vec.txt,12,96,122,0.610807,0.610805,-0.000349,44.380307,0.847021,4.803875,25.689881,2.797190
Genomics/vec/Alzheimer/HG02586vec.txt,12,96,100,0.208166,0.208180,0.006783,56.099970,1.011335,4.637274,24.317333,3.064745
Genomics/vec/schizophrenia/HG02588vec.txt,12,96,361,0.339317,0.339314,-0.000885,58.030879,1.801272,5.552486,22.776061,2.797060
Genomics/vec/breast_cancer/HG02588vec.txt,12,96,131,0.282634,0.282649,0.005396,61.897116,1.176415,4.484608,26.464850,3.819297
Genomics/vec/bipolar_disorder/HG02588vec.txt,12,96,150,0.342163,0.342171,0.002366,55.207912,0.200599,3.497692,17.205711,2.451243
Genomics/vec/Type_2_diabetes/HG02588vec.txt,12,96,122,0.509684,0.509696,0.002354,45.171628,0.132833,3.971405,18.485972,2.599185
Genomics/vec/Alzheimer/HG02588vec.txt,12,96,100,0.191196,0.191191,-0.002784,56.600516,0.349314,4.292724,24.818335,2.416843
Genomics/vec/schizophrenia/HG02589vec.txt,12,96,361,0.330320,0.330324,0.001288,70.381947,0.424688,4.919012,22.619749,2.233264
Genomics/vec/breast_cancer/HG02589vec.txt,12,96,131,0.335436,0.335433,-0.000711,43.965561,0.182797,3.347704,16.781978,2.076457
Genomics/vec/bipolar_disorder/HG02589vec.txt,12,96,150,0.343249,0.343236,-0.003832,49.843683,0.175511,3.258559,16.633972,2.069529
Genomics/vec/Type_2_diabetes/HG02589vec.txt,12,96,122,0.523668,0.523675,0.001479,50.246973,0.921956,3.817827,17.527947,1.921299
Genomics/vec/Alzheimer/HG02589vec.txt,12,96,100,0.223967,0.223969,0.000965,43.718881,0.127453,4.092898,22.117272,2.853192
Genomics/vec/schizophrenia/HG02594vec.txt,12,96,361,0.331102,0.331106,0.001086,64.886590,1.254566,4.793987,24.571633,2.918014
Genomics/vec/breast_cancer/HG02594vec.txt,12,96,131,0.338034,0.338033,-0.000445,60.260095,1.276625,4.938298,22.547796,3.163967
Genomics/vec/bipolar_disorder/HG02594vec.txt,12,96,150,0.371220,0.371215,-0.001368,57.622834,1.085269,5.283366,26.734837,2.184386
Genomics/vec/Type_2_diabetes/HG02594vec.txt,12,96,122,0.584008,0.583990,-0.002992,56.862574,1.116357,4.399370,19.177591,2.710691
Genomics/vec/Alzheimer/HG02594vec.txt,12,96,100,0.165981,0.165975,-0.004193,47.814785,0.126865,3.976614,16.649137,2.032944
Genomics/vec/schizophrenia/HG02595vec.txt,12,96,361,0.315170,0.315173,0.000909,57.198311,0.587475,3.987106,25.249348,2.580163
Genomics/vec/breast_cancer/HG02595vec.txt,12,96,131,0.351971,0.351959,-0.003365,77.224115,0.306174,11.025419,22.365411,2.675715
Genomics/vec/bipolar_disorder/HG02595vec.txt,12,96,150,0.308354,0.308357,0.000674,49.939914,0.728598,3.587888,16.873234,1.919019
Genomics/vec/Type_2_diabetes/HG02595vec.txt,12,96,122,0.572245,0.572236,-0.001511,44.423833,0.947029,5.008613,21.262320,1.858262
Genomics/vec/Alzheimer/HG02595vec.txt,12,96,100,0.277743,0.277766,0.008358,42.922388,0.136175,3.080346,17.462782,2.319534
Genomics/vec/schizophrenia/HG02610vec.txt,12,96,361,0.319766,0.319757,-0.003020,43.293114,0.968469,3.350594,18.560553,2.661057
Genomics/vec/breast_cancer/HG02610vec.txt,12,96,131,0.329835,0.329843,0.002525,56.389859,1.060880,4.682542,25.258026,2.771494
Genomics/vec/bipolar_disorder/HG02610vec.txt,12,96,150,0.390633,0.390612,-0.005394,58.906447,0.379817,4.193831,24.577253,2.915015
Genomics/vec/Type_2_diabetes/HG02610vec.txt,12,96,122,0.575309,0.575279,-0.005175,59.401956,0.209211,4.566440,23.540832,2.576483
Genomics/vec/Alzheimer/HG02610vec.txt,12,96,100,0.283170,0.283170,0.000161,60.663172,1.179216,5.194380,25.500288,3.615010
Genomics/vec/schizophrenia/HG02611vec.txt,12,96,361,0.325698,0.325702,0.001151,57.960977,0.508816,4.542287,24.118790,2.693051
Genomics/vec/breast_cancer/HG02611vec.txt,12,96,131,0.382260,0.382272,0.003324,53.708645,0.389035,3.858366,26.029167,2.882212
Genomics/vec/bipolar_disorder/HG02611vec.txt,12,96,150,0.339357,0.339361,0.000966,43.938984,0.222743,3.349670,17.396032,1.917494
Genomics/vec/Type_2_diabetes/HG02611vec.txt,12,96,122,0.592617,0.592614,-0.000420,43.918312,0.172750,3.562781,17.033908,1.741346
Genomics/vec/Alzheimer/HG02611vec.txt,12,96,100,0.251037,0.251050,0.005544,42.991981,0.694790,3.424744,20.011383,1.864970
Genomics/vec/schizophrenia/HG02613vec.txt,12,96,361,0.321499,0.321509,0.003368,44.483154,1.193864,4.106575,19.813801,1.721302
Genomics/vec/breast_cancer/HG02613vec.txt,12,96,131,0.296801,0.296790,-0.003819,63.033800,0.946326,5.518999,24.621867,3.531458
Genomics/vec/bipolar_disorder/HG02613vec.txt,12,96,150,0.285596,0.285584,-0.004152,65.319404,0.789241,4.600378,30.760231,2.950319
Genomics/vec/Type_2_diabetes/HG02613vec.txt,12,96,122,0.500270,0.500264,-0.001218,58.735079,0.238037,5.744435,26.140365,2.640102
Genomics/vec/Alzheimer/HG02613vec.txt,12,96,100,0.194548,0.194570,0.011224,66.383258,1.060613,4.563362,22.988617,2.736548
Genomics/vec/schizophrenia/HG02614vec.txt,12,96,361,0.312016,0.312024,0.002316,67.669809,1.170836,7.899161,29.944999,3.349641
Genomics/vec/breast_cancer/HG02614vec.txt,12,96,131,0.349365,0.349365,0.000004,61.086161,0.134030,3.211205,16.947527,2.125752
Genomics/vec/bipolar_disorder/HG02614vec.txt,12,96,150,0.345070,0.345059,-0.003264,44.755274,0.147960,3.555679,18.262578,2.339044
Genomics/vec/Type_2_diabetes/HG02614vec.txt,12,96,122,0.491696,0.491697,0.000153,52.197145,0.546938,3.249599,16.482904,2.134418
Genomics/vec/Alzheimer/HG02614vec.txt,12,96,100,0.259613,0.259613,-0.000094,43.041778,0.224270,3.346267,16.351661,2.300326
Genomics/vec/schizophrenia/HG02620vec.txt,12,96,361,0.339305,0.339306,0.000400,44.999042,0.936365,4.033948,22.072408,3.507598
Genomics/vec/breast_cancer/HG02620vec.txt,12,96,131,0.341620,0.341622,0.000759,59.412532,1.164615,4.975149,22.703968,2.764064
Genomics/vec/bipolar_disorder/HG02620vec.txt,12,96,150,0.305677,0.305686,0.003022,60.868034,0.244352,6.654915,23.797793,2.976872
Genomics/vec/Type_2_diabetes/HG02620vec.txt,12,96,122,0.528446,0.528442,-0.000883,60.383296,0.175013,4.755934,25.505677,2.840039
Genomics/vec/Alzheimer/HG02620vec.txt,12,96,100,0.394016,0.394023,0.001866,61.144525,1.004802,4.772794,24.064115,2.717161
Genomics/vec/schizophrenia/HG02621vec.txt,12,96,361,0.351136,0.351136,0.000025,65.692621,0.894696,5.559120,33.025891,2.542487
Genomics/vec/breast_cancer/HG02621vec.txt,12,96,131,0.310776,0.310790,0.004390,47.968873,0.269264,3.149225,16.348524,1.968648
Genomics/vec/bipolar_disorder/HG02621vec.txt,12,96,150,0.353717,0.353695,-0.006212,41.960755,0.270039,2.958157,16.270997,2.226098
Genomics/vec/Type_2_diabetes/HG02621vec.txt,12,96,122,0.552971,0.552950,-0.003711,43.968158,0.270725,4.219143,16.442529,3.035784
Genomics/vec/Alzheimer/HG02621vec.txt,12,96,100,0.190453,0.190467,0.006953,47.506226,0.664087,5.067997,27.278599,2.537799
Genomics/vec/schizophrenia/HG02623vec.txt,12,96,361,0.342081,0.342077,-0.001021,66.915199,0.686312,5.427128,22.531186,4.007134
Genomics/vec/breast_cancer/HG02623vec.txt,12,96,131,0.356282,0.356274,-0.002113,61.039791,0.403773,4.533651,24.778711,3.685101
Genomics/vec/bipolar_disorder/HG02623vec.txt,12,96,150,0.310898,0.310916,0.005631,59.761070,1.230828,4.710932,22.055225,2.785161
Genomics/vec/Type_2_diabetes/HG02623vec.txt,12,96,122,0.578310,0.578314,0.000727,57.744519,0.403870,3.319041,15.725595,1.924010
Genomics/vec/Alzheimer/HG02623vec.txt,12,96,100,0.285216,0.285218,0.000606,45.197520,1.068606,3.717268,17.803107,2.588503
Genomics/vec/schizophrenia/HG02624vec.txt,12,96,361,0.350924,0.350931,0.002130,55.031131,1.218941,4.665756,25.987112,2.877417
Genomics/vec/breast_cancer/HG02624vec.txt,12,96,131,0.382426,0.382425,-0.000376,63.741652,1.111815,5.046114,21.624522,2.495900
Genomics/vec/bipolar_disorder/HG02624vec.txt,12,96,150,0.340834,0.340838,0.001207,43.690816,0.732790,3.512912,17.616331,2.202299
Genomics/vec/Type_2_diabetes/HG02624vec.txt,12,96,122,0.486061,0.486072,0.002262,47.584514,0.159322,4.174185,16.020530,2.210634
Genomics/vec/Alzheimer/HG02624vec.txt,12,96,100,0.259339,0.259333,-0.002013,42.745422,0.923505,4.194184,15.885794,1.902680
Genomics/vec/schizophrenia/HG02628vec.txt,12,96,361,0.385953,0.385955,0.000635,48.899226,0.277176,7.411543,21.255845,2.094489
Genomics/vec/breast_cancer/HG02628vec.txt,12,96,131,0.409335,0.409332,-0.000696,58.279857,1.016227,4.657963,31.553051,3.521576
Genomics/vec/bipolar_disorder/HG02628vec.txt,12,96,150,0.363220,0.363219,-0.000294,69.891484,1.095788,4.537638,29.961980,3.540672
Genomics/vec/Type_2_diabetes/HG02628vec.txt,12,96,122,0.482749,0.482760,0.002256,64.009773,0.158188,5.050433,31.000125,4.819405
Genomics/vec/Alzheimer/HG02628vec.txt,12,96,100,0.314842,0.314824,-0.005756,59.690671,1.003848,6.196281,24.245027,2.561004
Genomics/vec/schizophrenia/HG02629vec.txt,12,96,361,0.320483,0.320482,-0.000382,61.148199,0.820225,3.819879,21.910816,2.912889
Genomics/vec/breast_cancer/HG02629vec.txt,12,96,131,0.340021,0.340024,0.001003,52.229678,0.171469,3.147368,16.345941,2.145638
Genomics/vec/bipolar_disorder/HG02629vec.txt,12,96,150,0.322969,0.322939,-0.009298,42.548489,0.175339,3.254226,16.065320,2.186125
Genomics/vec/Type_2_diabetes/HG02629vec.txt,12,96,122,0.541154,0.541128,-0.004800,43.700439,0.375258,3.110015,16.805844,2.063024
Genomics/vec/Alzheimer/HG02629vec.txt,12,96,100,0.256576,0.256567,-0.003330,42.117541,0.141062,3.157394,19.907708,3.763061
Genomics/vec/schizophrenia/HG02634vec.txt,12,96,361,0.357022,0.357024,0.000392,44.598560,0.840833,5.350173,23.919642,3.014505
Genomics/vec/breast_cancer/HG02634vec.txt,12,96,131,0.296674,0.296669,-0.001667,69.688095,1.336509,5.253332,27.108299,2.656423
Genomics/vec/bipolar_disorder/HG02634vec.txt,12,96,150,0.340624,0.340615,-0.002687,64.818345,0.352649,6.499625,27.734701,2.879432
Genomics/vec/Type_2_diabetes/HG02634vec.txt,12,96,122,0.536628,0.536629,0.000194,61.507005,0.203624,4.190922,27.315438,2.890791
Genomics/vec/Alzheimer/HG02634vec.txt,12,96,100,0.219775,0.219760,-0.007047,58.259113,0.627981,4.230989,31.508885,2.419240
Genomics/vec/schizophrenia/HG02635vec.txt,12,96,361,0.321428,0.321437,0.002653,61.203667,1.202115,4.708809,25.768984,2.485451
Genomics/vec/breast_cancer/HG02635vec.txt,12,96,131,0.384156,0.384147,-0.002272,51.857608,0.278893,3.088971,22.111731,2.298105
Genomics/vec/bipolar_disorder/HG02635vec.txt,12,96,150,0.340306,0.340313,0.001838,52.634239,0.203023,3.421303,18.475588,2.108556
Genomics/vec/Type_2_diabetes/HG02635vec.txt,12,96,122,0.578725,0.578711,-0.002487,48.380181,0.939995,5.095323,22.484016,2.832939
Genomics/vec/Alzheimer/HG02635vec.txt,12,96,100,0.250558,0.250546,-0.004698,60.045434,1.035664,6.069185,22.384134,2.773405
Genomics/vec/schizophrenia/HG02642vec.txt,12,96,361,0.344100,0.344098,-0.000586,65.752377,1.483788,6.197846,25.731139,3.502423
Genomics/vec/breast_cancer/HG02642vec.txt,12,96,131,0.328189,0.328206,0.005196,58.328020,0.707679,4.397969,17.483804,2.327393
Genomics/vec/bipolar_disorder/HG02642vec.txt,12,96,150,0.368429,0.368436,0.001766,45.657126,0.773022,5.391170,21.100360,3.521746
Genomics/vec/Type_2_diabetes/HG02642vec.txt,12,96,122,0.445797,0.445800,0.000837,59.897706,0.186173,4.242364,27.710998,4.993734
Genomics/vec/Alzheimer/HG02642vec.txt,12,96,100,0.208652,0.208651,-0.000479,63.547763,0.775260,6.819589,19.234377,1.781140
Genomics/vec/schizophrenia/HG02643vec.txt,12,96,361,0.336118,0.336119,0.000467,44.150543,0.982918,3.440612,16.408731,2.123977
Genomics/vec/breast_cancer/HG02643vec.txt,12,96,131,0.273144,0.273149,0.001581,44.081952,2.491463,5.511773,17.204607,2.022184
Genomics/vec/bipolar_disorder/HG02643vec.txt,12,96,150,0.312722,0.312720,-0.000711,46.069767,1.007610,3.539506,16.171573,2.119909
Genomics/vec/Type_2_diabetes/HG02643vec.txt,12,96,122,0.506212,0.506223,0.002153,43.666328,0.900666,3.573846,19.326131,3.017979
Genomics/vec/Alzheimer/HG02643vec.txt,12,96,100,0.243085,0.243076,-0.003537,64.206879,0.879308,4.527414,26.491922,3.168718
Genomics/vec/schizophrenia/HG02645vec.txt,12,96,361,0.313076,0.313076,0.000155,57.872504,0.522574,4.155171,23.268582,2.916045
Genomics/vec/breast_cancer/HG02645vec.txt,12,96,131,0.293488,0.293487,-0.000483,57.112643,0.978937,4.855483,22.029240,2.663576
Genomics/vec/bipolar_disorder/HG02645vec.txt,12,96,150,0.351295,0.351289,-0.001829,57.043830,0.941333,4.557926,23.174072,2.636558
Genomics/vec/Type_2_diabetes/HG02645vec.txt,12,96,122,0.505344,0.505343,-0.000196,57.347383,0.553907,5.624231,23.569937,2.522588
Genomics/vec/Alzheimer/HG02645vec.txt,12,96,100,0.235886,0.235881,-0.002003,58.222515,0.237677,3.773615,15.950583,2.128789
Genomics/vec/schizophrenia/HG02646vec.txt,12,96,361,0.298926,0.298926,-0.000112,44.998225,0.337038,3.422262,18.760624,1.752424
Genomics/vec/breast_cancer/HG02646vec.txt,12,96,131,0.320702,0.320703,0.000280,43.143217,0.533326,3.268939,20.125309,1.995884
Genomics/vec/bipolar_disorder/HG02646vec.txt,12,96,150,0.271665,0.271662,-0.000992,44.923362,0.398563,8.764302,17.507772,2.036453
Genomics/vec/Type_2_diabetes/HG02646vec.txt,12,96,122,0.516536,0.516530,-0.001284,43.255853,0.345551,4.095787,20.629064,9.804177
Genomics/vec/Alzheimer/HG02646vec.txt,12,96,100,0.333246,0.333254,0.002512,62.516465,0.196123,4.193223,23.081445,2.596606
Genomics/vec/schizophrenia/HG02666vec.txt,12,96,361,0.284712,0.284713,0.000234,55.749965,0.617271,4.946789,22.304135,2.700510
Genomics/vec/breast_cancer/HG02666vec.txt,12,96,131,0.343857,0.343845,-0.003518,58.035690,0.207201,4.148660,22.322265,2.657987
Genomics/vec/bipolar_disorder/HG02666vec.txt,12,96,150,0.312288,0.312285,-0.000905,57.029090,0.956570,4.845217,22.267554,3.031530
Genomics/vec/Type_2_diabetes/HG02666vec.txt,12,96,122,0.637015,0.637023,0.001210,60.602775,0.810549,4.493323,22.231230,2.880188
Genomics/vec/Alzheimer/HG02666vec.txt,12,96,100,0.264712,0.264708,-0.001596,51.781390,0.878113,5.739586,24.318509,2.211510
Genomics/vec/schizophrenia/HG02667vec.txt,12,96,361,0.332303,0.332313,0.003110,44.530063,0.978950,3.827856,18.844139,2.547318
Genomics/vec/breast_cancer/HG02667vec.txt,12,96,131,0.331887,0.331888,0.000295,48.752344,0.165755,3.300896,20.642048,2.993034
Genomics/vec/bipolar_disorder/HG02667vec.txt,12,96,150,0.327146,0.327155,0.002733,42.062797,0.851749,3.627981,17.358289,1.912961
Genomics/vec/Type_2_diabetes/HG02667vec.txt,12,96,122,0.492105,0.492094,-0.002092,44.072995,0.160874,3.574793,19.682518,2.788044
Genomics/vec/Alzheimer/HG02667vec.txt,12,96,100,0.243110,0.243120,0.003950,56.421410,0.196711,4.739180,22.512397,2.535410
Genomics/vec/schizophrenia/HG02675vec.txt,12,96,361,0.382950,0.382950,0.000153,60.947771,0.415847,4.102916,24.361864,2.710950
Genomics/vec/breast_cancer/HG02675vec.txt,12,96,131,0.313538,0.313529,-0.003018,57.154660,0.497014,4.192891,30.410153,2.645866
Genomics/vec/bipolar_disorder/HG02675vec.txt,12,96,150,0.358999,0.358998,-0.000546,57.925768,1.057444,5.745897,21.951462,2.763015
Genomics/vec/Type_2_diabetes/HG02675vec.txt,12,96,122,0.571169,0.571170,0.000198,58.358543,0.775223,4.606920,21.848126,2.742080
Genomics/vec/Alzheimer/HG02675vec.txt,12,96,100,0.258633,0.258625,-0.003021,54.792149,0.727020,3.567155,16.635625,1.951036
Genomics/vec/schizophrenia/HG02676vec.txt,12,96,361,0.343744,0.343746,0.000525,55.911492,0.579687,3.056658,18.503017,2.034986
Genomics/vec/breast_cancer/HG02676vec.txt,12,96,131,0.331648,0.331639,-0.002722,45.562974,0.173114,3.773071,16.776914,3.431483
Genomics/vec/bipolar_disorder/HG02676vec.txt,12,96,150,0.346313,0.346333,0.005851,42.839240,0.507868,3.223735,18.067462,2.633435
Genomics/vec/Type_2_diabetes/HG02676vec.txt,12,96,122,0.565851,0.565848,-0.000611,57.291875,0.435144,4.106107,23.497678,2.704917
Genomics/vec/Alzheimer/HG02676vec.txt,12,96,100,0.335283,0.335280,-0.001054,58.139177,0.411729,10.559189,21.608473,2.634648
Genomics/vec/schizophrenia/HG02678vec.txt,12,96,361,0.361487,0.361486,-0.000228,55.933668,1.223355,4.677778,22.375351,2.697193
Genomics/vec/breast_cancer/HG02678vec.txt,12,96,131,0.340291,0.340285,-0.001625,61.671319,0.566641,4.223985,22.920171,3.420056
Genomics/vec/bipolar_disorder/HG02678vec.txt,12,96,150,0.350969,0.350984,0.004231,46.922531,0.208234,3.334039,16.991244,2.409653
Genomics/vec/Type_2_diabetes/HG02678vec.txt,12,96,122,0.511162,0.511161,-0.000178,47.996280,0.181663,3.989680,21.890353,3.329740
Genomics/vec/Alzheimer/HG02678vec.txt,12,96,100,0.302967,0.302952,-0.004886,66.783621,0.390800,4.250792,22.260200,2.823839
Genomics/vec/schizophrenia/HG02679vec.txt,12,96,361,0.297541,0.297533,-0.002762,55.583935,0.949316,3.856507,16.069295,1.919192
Genomics/vec/breast_cancer/HG02679vec.txt,12,96,131,0.344161,0.344158,-0.000986,48.402199,0.136927,3.081900,16.312476,1.841202
Genomics/vec/bipolar_disorder/HG02679vec.txt,12,96,150,0.294885,0.294889,0.001144,47.527796,0.180338,3.266205,16.723640,1.877895
Genomics/vec/Type_2_diabetes/HG02679vec.txt,12,96,122,0.526880,0.526876,-0.000832,44.502818,0.204823,3.522863,17.013395,2.024089
Genomics/vec/Alzheimer/HG02679vec.txt,12,96,100,0.236378,0.236381,0.001318,46.032163,0.143264,3.403279,22.702369,2.719323
Genomics/vec/schizophrenia/HG02702vec.txt,12,96,361,0.314579,0.314587,0.002657,56.863583,0.396995,4.144337,26.518957,3.161223
Genomics/vec/breast_cancer/HG02702vec.txt,12,96,131,0.334281,0.334278,-0.000972,67.833820,1.211637,5.011259,30.630751,2.536062
Genomics/vec/bipolar_disorder/HG02702vec.txt,12,96,150,0.323072,0.323086,0.004249,67.591647,0.256687,4.510067,22.487132,2.633181
Genomics/vec/Type_2_diabetes/HG02702vec.txt,12,96,122,0.565437,0.565452,0.002647,57.348761,0.213995,4.041538,22.505295,3.302661
Genomics/vec/Alzheimer/HG02702vec.txt,12,96,100,0.224748,0.224736,-0.005274,56.933584,0.173241,4.139344,21.801372,2.496303
Genomics/vec/schizophrenia/HG02703vec.txt,12,96,361,0.332757,0.332759,0.000571,52.892301,1.181887,3.603114,16.833785,1.810031
Genomics/vec/breast_cancer/HG02703vec.txt,12,96,131,0.400460,0.400463,0.000844,41.929483,1.195914,3.589213,16.632792,2.263349
Genomics/vec/bipolar_disorder/HG02703vec.txt,12,96,150,0.363728,0.363740,0.003363,42.837904,0.134140,3.149053,22.549144,2.185754
Genomics/vec/Type_2_diabetes/HG02703vec.txt,12,96,122,0.564202,0.564191,-0.001971,50.625536,0.204621,4.155274,24.415953,2.630233
Genomics/vec/Alzheimer/HG02703vec.txt,12,96,100,0.241356,0.241333,-0.009701,57.184669,0.230377,4.100829,24.081039,2.700473
Genomics/vec/schizophrenia/HG02715vec.txt,12,96,361,0.287486,0.287481,-0.001747,62.296500,1.683595,5.415379,22.444997,2.744523
Genomics/vec/breast_cancer/HG02715vec.txt,12,96,131,0.311542,0.311549,0.002131,65.163425,0.245203,4.535309,21.882087,2.767954
Genomics/vec/bipolar_disorder/HG02715vec.txt,12,96,150,0.284961,0.284962,0.000342,57.640348,0.242879,4.270764,24.640616,6.335235
Genomics/vec/Type_2_diabetes/HG02715vec.txt,12,96,122,0.563329,0.563328,-0.000250,54.630312,1.066023,4.512016,20.188879,4.281950
Genomics/vec/Alzheimer/HG02715vec.txt,12,96,100,0.239846,0.239836,-0.003927,47.361999,0.302845,3.040366,18.168970,1.884599
Genomics/vec/schizophrenia/HG02716vec.txt,12,96,361,0.374149,0.374148,-0.000462,44.805117,0.475454,4.569589,17.500328,2.259291
Genomics/vec/breast_cancer/HG02716vec.txt,12,96,131,0.280189,0.280185,-0.001458,47.073982,1.069487,4.652608,20.712873,2.553186
Genomics/vec/bipolar_disorder/HG02716vec.txt,12,96,150,0.362368,0.362367,-0.000204,44.026960,0.760746,3.475066,18.864651,2.285813
Genomics/vec/Type_2_diabetes/HG02716vec.txt,12,96,122,0.546594,0.546585,-0.001497,55.301014,0.296018,4.149068,26.837004,3.546118
Genomics/vec/Alzheimer/HG02716vec.txt,12,96,100,0.220226,0.220236,0.004452,58.078478,0.967939,4.703035,22.131468,2.683907
Genomics/vec/schizophrenia/HG02721vec.txt,12,96,361,0.361256,0.361251,-0.001329,57.226001,1.144964,4.689257,22.206043,2.793147
Genomics/vec/breast_cancer/HG02721vec.txt,12,96,131,0.336511,0.336514,0.000782,60.447060,1.360090,6.789862,22.858852,2.772688
Genomics/vec/bipolar_disorder/HG02721vec.txt,12,96,150,0.336631,0.336627,-0.001282,56.862484,1.113155,8.171274,22.107216,2.731743
Genomics/vec/Type_2_diabetes/HG02721vec.txt,12,96,122,0.545034,0.545026,-0.001560,59.912673,1.113835,4.550560,23.561868,2.682959
Genomics/vec/Alzheimer/HG02721vec.txt,12,96,100,0.161980,0.161993,0.007958,45.796489,0.206788,3.756411,17.262588,1.921010
Genomics/vec/schizophrenia/HG02722vec.txt,12,96,361,0.359837,0.359843,0.001692,44.419695,0.563595,2.941834,16.908331,2.035362
Genomics/vec/breast_cancer/HG02722vec.txt,12,96,131,0.375192,0.375190,-0.000586,44.164658,0.184855,3.274992,17.025573,1.829706
Genomics/vec/bipolar_disorder/HG02722vec.txt,12,96,150,0.367501,0.367500,-0.000216,50.736151,0.379126,3.193602,19.136044,2.885162
Genomics/vec/Type_2_diabetes/HG02722vec.txt,12,96,122,0.551028,0.551015,-0.002442,62.552706,0.963450,4.695352,27.887160,2.773058
Genomics/vec/Alzheimer/HG02722vec.txt,12,96,100,0.297329,0.297313,-0.005395,59.212690,0.468148,4.242324,25.272506,3.896392
Genomics/vec/schizophrenia/HG02756vec.txt,12,96,361,0.348491,0.348498,0.002025,56.936462,1.316201,6.185184,22.741914,2.799847
Genomics/vec/breast_cancer/HG02756vec.txt,12,96,131,0.314670,0.314663,-0.002477,60.401631,1.023929,4.886917,22.445152,2.486022
Genomics/vec/bipolar_disorder/HG02756vec.txt,12,96,150,0.376850,0.376848,-0.000594,58.134522,0.223058,4.121998,28.090984,2.822868
Genomics/vec/Type_2_diabetes/HG02756vec.txt,12,96,122,0.534509,0.534515,0.001023,53.194165,0.970167,3.431382,18.884439,2.547084
Genomics/vec/Alzheimer/HG02756vec.txt,12,96,100,0.243823,0.243797,-0.010440,50.001168,0.997708,3.781191,16.480122,1.906169
Genomics/vec/schizophrenia/HG02757vec.txt,12,96,361,0.343432,0.343435,0.000853,42.764426,1.232386,3.839769,20.536528,2.006814
Genomics/vec/breast_cancer/HG02757vec.txt,12,96,131,0.303986,0.303993,0.002349,41.994059,0.160452,3.455047,18.303146,2.312355
Genomics/vec/bipolar_disorder/HG02757vec.txt,12,96,150,0.336229,0.336248,0.005723,52.286975,1.809506,4.862103,23.355798,2.766601
Genomics/vec/Type_2_diabetes/HG02757vec.txt,12,96,122,0.522216,0.522217,0.000056,57.561234,0.974970,4.862474,25.762228,3.083376
Genomics/vec/Alzheimer/HG02757vec.txt,12,96,100,0.247956,0.247947,-0.003675,59.544595,1.017062,4.884933,22.634728,2.720352
